Subject Name,Scientific Name,Num. of Counties,Habit
rosarypea,Abrus precatorius L.,53,Vines
hairy Indian mallow,Abutilon grandifolium (Willd.) Sweet,6,Shrub or Subshrub
velvetleaf,Abutilon theophrasti Medik,1344,Forbs/Herbs
earleaf acacia,Acacia auriculiformis A. Cunningham ex Benth.,23,Shrub or Subshrub
cootamundra wattle,Acacia baileyana F. Muell.,14,Hardwood Trees
small Philippine acacia,Acacia confusa Merr,4,Hardwood Trees
cyclops acacia,Acacia cyclops A. Cunn. ex G. Don,5,Shrub or Subshrub
silver wattle,Acacia dealbata Link,32,Shrub or Subshrub
Sydney golden wattle,Acacia longifolia (Andr.) Willd.,16,Hardwood Trees
black wattle,Acacia mearnsii de Wildeman.,11,Hardwood Trees
black acacia,Acacia melanoxylon R. Br. ex Ait. f.,26,Hardwood Trees
kangaroothorn,Acacia paradoxa DC.,9,Shrub or Subshrub
golden wattle,Acacia pycnantha Benth.,6,Hardwood Trees
everblooming acacia,Acacia retinodes Schlecht.,12,Hardwood Trees
orange wattle,Acacia saligna (Labill.) Wendl. f.,4,Hardwood Trees
biddy-biddy,Acaena novae-zelandiae Kirk,14,Forbs/Herbs
bear's breech,Acanthus mollis L.,3,Forbs/Herbs
hedge maple,Acer campestre L.,38,Hardwood Trees
Amur maple,Acer ginnala Maxim.,211,Hardwood Trees
boxelder,Acer negundo L.,94,Hardwood Trees
Japanese maple,Acer palmatum Thunb.,55,Hardwood Trees
Norway maple,Acer platanoides L.,562,Hardwood Trees
Sycamore maple,Acer pseudoplatanus L.,95,Hardwood Trees
western yarrow,Achillea millefolium var. occidentalis DC.,0,Forbs/Herbs
punagrass,Achnatherum brachychaetum (Godr.) Barkworth,7,Grass or Grasslike
Japanese chaff flower,Achyranthes japonica (Miq.) Nakai,186,Forbs/Herbs
mother-of-thyme,Acinos arvensis (Lam.) Dandy,0,Forbs/Herbs
American sweetflag,Acorus calamus L.,68,Forbs/Herbs
tara vine,Actinidia arguta (Siebold & Zucc.) Planch. ex Miq.,13,Vines
red beadtree,Adenanthera pavonina L,4,Hardwood Trees
rough maidenhair fern,Adiantum hispidulum Sw.,8,Forbs/Herbs
delta maidenhair,Adiantum raddianum K. Presl,4,Forbs/Herbs
jointed goatgrass,Aegilops cylindrica Host,580,Grass or Grasslike
ovate goatgrass,Aegilops geniculata Roth,4,Grass or Grasslike
barb goatgrass,Aegilops triuncialis L,45,Grass or Grasslike
goutweed,Aegopodium podagraria L.,353,Forbs/Herbs
Ohio buckeye,Aesculus glabra Willd.,0,Hardwood Trees
common horse chestnut,Aesculus hippocastanum L.,155,Hardwood Trees
sisal,Agave sisalana Perrine,23,Forbs/Herbs
croftonweed,Ageratina adenophora (Spreng.) King & H.E. Robins.,19,Forbs/Herbs
white snakeroot,Ageratina altissima var. altissima (L.) King & H. Rob.,0,Forbs/Herbs
creeping croftonweed,Ageratina riparia (Regel) King & H.E. Robins.,4,Shrub or Subshrub
tropic ageratum,Ageratum conyzoides L.,22,Forbs/Herbs
corn cockle,Agrostemma githago L,697,Forbs/Herbs
Pacific bentgrass,Agrostis avenacea J.F. Gmel.,34,Grass or Grasslike
velvet bentgrass,Agrostis canina L.,1,Grass or Grasslike
colonial bentgrass,Agrostis capillaris L.,372,Grass or Grasslike
redtop,Agrostis gigantea Roth,1529,Grass or Grasslike
creeping bentgrass,Agrostis stolonifera L.,1207,Grass or Grasslike
tree-of-heaven,Ailanthus altissima (P. Mill.) Swingle,1697,Hardwood Trees
silver hairgrass,Aira caryophyllea L.,327,Grass or Grasslike
carpet bugle,Ajuga reptans L.,434,Forbs/Herbs
chocolate vine,Akebia quinata (Houtt.) Dcne.,146,Vines
mimosa,Albizia julibrissin Durazz.,1274,Hardwood Trees
woman's tongue tree,Albizia lebbeck (L.) Benth,95,Hardwood Trees
hollyhock,Alcea rosea L.,387,Forbs/Herbs
lady's-mantle,Alchemilla mollis (Buser) Rothm.,7,Shrub or Subshrub
waterwheel plant,Aldrovanda vesiculosa L.,2,Aquatic Plants
camelthorn,Alhagi maurorum Medik,64,Shrub or Subshrub
golden trumpet,Allamanda cathartica L.,20,Vines
garlic mustard,Alliaria petiolata (Bieb.) Cavara & Grande,1309,Forbs/Herbs
cultivated garlic,Allium sativum L.,1,Forbs/Herbs
wild garlic,Allium vineale L.,948,Forbs/Herbs
wild garlic,Allium vineale ssp. vineale L.,0,Forbs/Herbs
European black alder,Alnus glutinosa (L.) Gaertn.,197,Hardwood Trees
slender meadow foxtail,Alopecurus myosuroides Huds.,63,Grass or Grasslike
meadow foxtail,Alopecurus pratensis Linnaeus,341,Grass or Grasslike
red ginger,Alpinia purpurata (Vieill.) K. Schum.,3,Forbs/Herbs
deviltree,Alstonia macrophylla Wallich ex G. Don,4,Hardwood Trees
alligatorweed,Alternanthera philoxeroides (Mart.) Griseb.,477,Aquatic Plants
sessile joyweed,Alternanthera sessilis (L.) R. Br. ex DC.,50,Aquatic Plants
alyceclover,Alysicarpus vaginalis (L.) DC.,31,Forbs/Herbs
yellowtuft,Alyssum corsicum Duby,2,Forbs/Herbs
yellowtuft,Alyssum murale Waldst. & Kit.,3,Forbs/Herbs
pigweed,Amaranthus L.,7,Forbs/Herbs
redroot pigweed,Amaranthus retroflexus L.,1113,Forbs/Herbs
spiny amaranth,Amaranthus spinosus L,791,Forbs/Herbs
slender amaranth,Amaranthus viridis L,187,Forbs/Herbs
common ragweed,Ambrosia artemisiifolia L.,1832,Forbs/Herbs
skeletonleaf bursage,Ambrosia tomentosa Nutt.,15,Forbs/Herbs
giant ragweed,Ambrosia trifida L.,1528,Shrub or Subshrub
European beachgrass,Ammophila arenaria (L.) Link,34,Grass or Grasslike
indigobush,Amorpha fruticosa L.,1252,Shrub or Subshrub
porcelain-berry,Ampelopsis glandulosa var. brevipedunculata (Maxim.) Momiy.,195,Vines
scarlet pimpernel,Anagallis arvensis L.,744,Forbs/Herbs
small bugloss,Anchusa arvensis (L.) Bieb,61,Forbs/Herbs
Italian bugloss,Anchusa azurea P. Mill.,55,Forbs/Herbs
common bugloss,Anchusa officinalis L.,66,Forbs/Herbs
broomsedge bluestem,Andropogon virginicus L.,1184,Grass or Grasslike
oriental vessel fern,Angiopteris evecta (J.R. Forst.) Hoffmann,4,Forbs/Herbs
stinking chamomile,Anthemis cotula L,1494,Forbs/Herbs
sweet vernalgrass,Anthoxanthum odoratum L.,682,Grass or Grasslike
sweet vernalgrass,Anthoxanthum odoratum ssp. odoratum L.,0,Grass or Grasslike
bur chervil,Anthriscus caucalis M. Bieb.,56,Forbs/Herbs
wild chervil,Anthriscus sylvestris (L.) Hoffmann,202,Forbs/Herbs
coral vine,Antigonon leptopus Hook. & Arn.,69,Vines
interrupted windgrass,Apera interrupta (L.) Beauv.,98,Grass or Grasslike
wild celery,Apium graveolens L.,93,Forbs/Herbs
Japanese angelica tree,Aralia elata (Miq.) Seem,83,Shrub or Subshrub
white bladderflower,Araujia sericifera Brot.,26,Vines
burdock,Arctium,88,Forbs/Herbs
great burdock,Arctium lappa L.,316,Forbs/Herbs
"common burdock, lesser burdock",Arctium minus Bernh.,1417,Forbs/Herbs
capeweed,Arctotheca calendula (L.) Levyns,13,Forbs/Herbs
creeping capeweed,Arctotheca prostrata (Salisb.) Britten,17,Forbs/Herbs
coral ardisia,Ardisia crenata Sims,116,Shrub or Subshrub
shoebutton ardisia,Ardisia elliptica Thunb,26,Hardwood Trees
Japanese ardisia,Ardisia japonica (Thunb.) Blume,5,Shrub or Subshrub
thymeleaf sandwort,Arenaria serpyllifolia L.,1107,Forbs/Herbs
elegant dutchman's pipe,Aristolochia elegans Mast.,19,Vines
tall oatgrass,Arrhenatherum elatius (L.) Beauv. ex J.& K. Presl,647,Grass or Grasslike
tall oatgrass,Arrhenatherum elatius var. elatius (L.) P. Beauv. ex J. Presl & C. Presl,1,Grass or Grasslike
absinth wormwood,Artemisia absinthium L.,495,Shrub or Subshrub
annual wormwood,Artemisia annua L.,374,Forbs/Herbs
beach wormwood,Artemisia stelleriana Bess.,69,Forbs/Herbs
mugwort,Artemisia vulgaris L.,679,Forbs/Herbs
common wormwood,Artemisia vulgaris var. vulgaris L.,54,Forbs/Herbs
"small carpetgrass, joint-head grass",Arthraxon hispidus (Thunb.) Makino,463,Grass or Grasslike
hairy jointgrass,Arthraxon hispidus var. hispidus (Thunb.) Makino,4,Grass or Grasslike
Italian arum,Arum italicum P. Mill.,91,Forbs/Herbs
bamboo orchid,Arundina graminifolia (D. Don) Hochr.,4,Forbs/Herbs
giant reed,Arundo donax L.,699,Grass or Grasslike
bloodflower milkweed,Asclepias curassavica L.,89,Forbs/Herbs
showy milkweed,Asclepias speciosa Torr,23,Forbs/Herbs
Sprenger's asparagus fern,Asparagus aethiopicus L.,46,Shrub or Subshrub
African asparagus fern,Asparagus asparagoides (L.) Druce,20,Vines
common asparagus fern,Asparagus setaceus (Kunth) Jessop,20,Forbs/Herbs
onionweed,Asphodelus fistulosus Linnaeus,18,Forbs/Herbs
Chinese violet,Asystasia gangetica (L.) T. Anders,16,Vines
Australian saltbush,Atriplex semibaccata R. Br.,95,Shrub or Subshrub
peregrine saltbush,Atriplex suberecta I. Verd.,36,Forbs/Herbs
Japanese laurel,Aucuba japonica Thunb.,3,Shrub or Subshrub
slender oat,Avena barbata Pott ex Link,73,Grass or Grasslike
wild oat,Avena fatua L.,529,Grass or Grasslike
broadleaf carpetgrass,Axonopus compressus (Sw.) Beauv.,54,Grass or Grasslike
carpetgrass,Axonopus fissifolius (Raddi) Kuhlm.,308,Grass or Grasslike
common bamboo,Bambusa vulgaris Schrad. ex J.C. Wendl.,36,Grass or Grasslike
yellow rocket,Barbarea vulgaris Ait. f.,1402,Forbs/Herbs
fivehook bassia,Bassia hyssopifolia (Pallas) Kuntz,205,Vines
kochia,Bassia scoparia (L.) A.J. Scott,1049,Forbs/Herbs
mountain ebony,Bauhinia variegata L,30,Shrub or Subshrub
clubed begonia,Begonia cucullata Willd,31,Vines
bellardia,Bellardia trixago (L.) All,43,Forbs/Herbs
English daisy,Bellis perennis L.,84,Forbs/Herbs
Darwin's berberis,Berberis darwinii Hook.,6,Shrub or Subshrub
wintergreen barberry,Berberis julianae C.K. Schneid.,12,Shrub or Subshrub
Japanese barberry,Berberis thunbergii DC.,877,Shrub or Subshrub
common barberry,Berberis vulgaris L,440,Shrub or Subshrub
hoary alyssum,Berteroa incana (L.) DC,656,Forbs/Herbs
European birch,Betula pendula Roth,130,Hardwood Trees
cat's claw,Biancaea decapetala (Roth) O.Deg.,5,Vines
spanishneedles,Bidens bipinnata L.,1066,Forbs/Herbs
nodding beggarticks,Bidens cernua L,5,Forbs/Herbs
hairy beggarticks,Bidens pilosa L.,161,Forbs/Herbs
Javanese bishopwood,Bischofia javanica Blume,15,Hardwood Trees
plume poppy,Bocconia frutescens L.,3,Hardwood Trees
scarlet spiderling,Boerhavia coccinea P. mill.,83,Forbs/Herbs
yellow bluestem,Bothriochloa ischaemum (L.) Keng,344,Grass or Grasslike
paperflower,Bougainvillea glabra Choisy,9,Vines
annual false-brome,Brachypodium distachyon (L.) Beauv.,40,Grass or Grasslike
perennial false-brome,Brachypodium sylvaticum (Huds.) Beauv.,34,Grass or Grasslike
Indian mustard,Brassica juncea (L.) Czern,633,Forbs/Herbs
black mustard,Brassica nigra (L.) W.D.J. Koch,941,Forbs/Herbs
birdsrape mustard,Brassica rapa L.,847,Forbs/Herbs
African mustard,Brassica tournefortii Gouan,52,Forbs/Herbs
snowbush,Breynia disticha J.R. & G. Forst.,4,Shrub or Subshrub
big quakinggrass,Briza maxima L.,57,Grass or Grasslike
little quakinggrass,Briza minor L.,88,Grass or Grasslike
field brome,Bromus arvensis L.,1650,Grass or Grasslike
rattlesnake brome,Bromus briziformis Fisch. & C.A. Mey.,129,Grass or Grasslike
rescuegrass,Bromus catharticus Vahl,749,Grass or Grasslike
ripgut brome,Bromus diandrus Roth,181,Grass or Grasslike
ripgut brome,Bromus diandrus ssp. rigidus (Roth) Sales,133,Grass or Grasslike
soft brome,Bromus hordeaceus L.,419,Grass or Grasslike
soft brome,Bromus hordeaceus ssp. hordeaceus L.,357,Grass or Grasslike
smooth brome,Bromus inermis Leyss.,1557,Grass or Grasslike
smooth brome,Bromus inermis ssp. inermis var. inermis Leyss.,3,Grass or Grasslike
Japanese brome,Bromus japonicus Thunb.,93,Grass or Grasslike
bald brome,Bromus racemosus L.,1182,Grass or Grasslike
red brome,Bromus rubens L.,149,Grass or Grasslike
rye brome,Bromus secalinus L.,940,Grass or Grasslike
poverty brome,Bromus sterilis L.,317,Grass or Grasslike
"cheatgrass, downy brome",Bromus tectorum L.,1850,Grass or Grasslike
paper-mulberry,Broussonetia papyrifera (L.) L'Hér. ex Vent.,561,Hardwood Trees
red mangrove,Bruguiera gymnorhiza (L.) Savigny,0,
oriental mangrove,Bruguiera sexangula (Lour.) Poir.,1,Hardwood Trees
white bryony,Bryonia alba L.,46,Vines
butterflybush,Buddleja davidii Franch.,202,Shrub or Subshrub
Lindley's butterflybush,Buddleja lindleyana Fortune ex Lindl.,23,Shrub or Subshrub
smokebush,Buddleja madagascariensis Lam.,7,Shrub or Subshrub
corn gromwell,Buglossoides arvensis (L.) I.M. Johnston,1041,Forbs/Herbs
flowering rush,Butomus umbellatus L.,319,Aquatic Plants
"Carolina fanwort, fanwort",Cabomba caroliniana A. Gray,239,Aquatic Plants
paradise poinciana,Caesalpinia gilliesii (Wall. ex Hook.) Wall. ex D. Dietr.,82,Shrub or Subshrub
pigeon pea,Cajanus cajan (L.) Millsp.,63,Shrub or Subshrub
European sea-rocket,Cakile maritima Scop.,52,Forbs/Herbs
purple beautyberry,Callicarpa dichotoma (Lour.) K. Koch,27,Shrub or Subshrub
Japanese callicarpa,Callicarpa japonica Thunb.,1,Shrub or Subshrub
basketplant,Callisia fragrans (Lindl.) Woods,13,Forbs/Herbs
bottlebrush,Callistemon viminalis (Gaertn.)G.Don ex Loudon,19,Aquatic Plants
European waterstarwort,Callitriche stagnalis Scop.,108,Aquatic Plants
heather,Calluna vulgaris (L.) Hull,45,Forbs/Herbs
incense-cedar,Calocedrus decurrens (Torr.) Florin,62,Conifer Trees
Antilles calophyllum,Calophyllum antillanum Britt,9,Hardwood Trees
Alexandrian laurel,Calophyllum inophyllum L.,6,Hardwood Trees
smallseed falseflax,Camelina microcarpa DC.,952,Forbs/Herbs
creeping bellflower,Campanula rapunculoides L.,724,Forbs/Herbs
trumpet creeper,Campsis radicans (L.) Seem. ex Bureau,26,Vines
maunaloa,Canavalia cathartica Thouars,4,Vines
Indian shot,Canna indica L.,35,Forbs/Herbs
hemp/marijuana (sativa),Cannabis sativa L,719,Forbs/Herbs
shepherd's-purse,Capsella bursa-pastoris (L.) Medik.,2200,Forbs/Herbs
Siberian peashrub,Caragana arborescens Lam.,255,Shrub or Subshrub
woodland bittercress,Cardamine flexuosa With.,75,Forbs/Herbs
narrowleaf bittercress,Cardamine impatiens L.,245,Forbs/Herbs
balloonvine,Cardiospermum halicacabum L.,292,Vines
"spiny plumeless thistle, plumeless thistle",Carduus acanthoides L.,466,Forbs/Herbs
curly plumeless thistle,Carduus crispus L.,34,Forbs/Herbs
plumeless thistle,Carduus L.,783,Forbs/Herbs
"musk thistle, nodding thistle",Carduus nutans L.,1400,Forbs/Herbs
nodding plumeless thistle,Carduus nutans macrolepis (Peterm.) Kazmi,0,Forbs/Herbs
Italian plumeless thistle,Carduus pycnocephalus L.,76,Forbs/Herbs
slenderflower thistle,Carduus tenuiflorus W. Curtis,58,Forbs/Herbs
thinfruit sedge,Carex flaccosperma Dewey,2,Grass or Grasslike
Japanese sedge,Carex kobomugi Ohwi,19,Grass or Grasslike
Long's sedge,Carex longii Mackenzie,362,Grass or Grasslike
hanging sedge,Carex pendula Huds.,9,Grass or Grasslike
papaya,Carica papaya L.,29,Hardwood Trees
natal-plum,Carissa macrocarpa (Ecklon) A. DC.,11,Shrub or Subshrub
carline thistle,Carlina vulgaris L.,4,Forbs/Herbs
sea fig,Carpobrotus chilensis (Molina) N.E. Br.,21,Forbs/Herbs
hottentot fig,Carpobrotus edulis (L.) N.E. Br,27,Shrub or Subshrub
Wards weed,Carrichtera annua (L.) DC.,1,Forbs/Herbs
woolly distaff thistle,Carthamus lanatus L.,44,Forbs/Herbs
Panama rubbertree,Castilla elastica Sessé,0,Hardwood Trees
field Indian paintbrush,Castilleja arvensis Cham. & Schlecht,5,Forbs/Herbs
river sheoak,Casuarina cunninghamiana Miq.,44,Hardwood Trees
Australian-pine,Casuarina equisetifolia L.,98,Hardwood Trees
gray sheoak,Casuarina glauca Sieb. ex Spreng,29,Hardwood Trees
southern catalpa,Catalpa bignonioides Walt.,609,Hardwood Trees
Chinese catalpa,Catalpa ovata G. Don,47,Hardwood Trees
northern catalpa,Catalpa speciosa (Warder) Warder ex Engelm.,755,Hardwood Trees
Madagascar periwinkle,Catharanthus roseus (L.) G. Don,61,Shrub or Subshrub
Mediterranean clone of caulerpa,Caulerpa taxifolia (Vahl) C. Agardth,0,Aquatic Plants
bushkiller,Cayratia japonica (Thunb.) Gagnepain,26,Vines
trumpet-tree,Cecropia obtusifolia Bertol.,6,Hardwood Trees
trumpet tree,Cecropia palmata Willd.,2,Hardwood Trees
Deodar cedar,Cedrus deodara (Roxb. ex D. Don) G. Don f.,10,Conifer Trees
round leaf bittersweet,Celastrus orbiculatus Thunb.,785,Vines
Chinese fountaingrass,Cenchrus alopecuroides (L.) Thunb.,43,Grass or Grasslike
pearl millet,Cenchrus americanus L.,9,Grass or Grasslike
buffelgrass,Cenchrus ciliaris L.,143,Grass or Grasslike
kikuyugrass,Cenchrus clandestinus L.,55,Grass or Grasslike
southern sandbur,Cenchrus echinatus L.,219,Grass or Grasslike
longspine sandbur,Cenchrus longispinus (Hack.) Fern,1167,Grass or Grasslike
mission grass,Cenchrus polystachios (L.) Morrone,11,Grass or Grasslike
Chinese fountaingrass,Cenchrus purpurascens Thunb.,5,Grass or Grasslike
elephant grass,Cenchrus purpureus (Schumach.) Morrone,141,Grass or Grasslike
crimson fountaingrass,Cenchrus setaceus (Forssk.) Morrone,86,Grass or Grasslike
purple starthistle,Centaurea calcitrapa L.,92,Forbs/Herbs
cornflower,Centaurea cyanus L.,692,Forbs/Herbs
diffuse knapweed,Centaurea diffusa Lam.,381,Forbs/Herbs
North African knapweed,Centaurea diluta Ait.,4,Forbs/Herbs
Iberian starthistle,Centaurea iberica Trev. ex Spreng,16,Forbs/Herbs
brown knapweed,Centaurea jacea L.,288,Forbs/Herbs
knapweeds,Centaurea L.,82,Forbs/Herbs
bighead knapweed,Centaurea macrocephala Puschk. ex Willd.,47,Forbs/Herbs
Malta starthistle,Centaurea melitensis L.,190,Forbs/Herbs
black knapweed,Centaurea nigra L.,232,Forbs/Herbs
"alpine knapweed, Tyrol knapweed",Centaurea nigrescens Willd,244,Forbs/Herbs
yellow starthistle,Centaurea solstitialis L.,365,Forbs/Herbs
spotted knapweed,Centaurea stoebe L.,312,Forbs/Herbs
spotted knapweed,Centaurea stoebe ssp. micranthos (Gugler) Hayek,1321,Forbs/Herbs
Meadow Knapweed,Centaurea thuillieri (Dostál) J.Duvign. & Lambinon,0,
squarrose knapweed,Centaurea virgata Lam.,62,Forbs/Herbs
squarrose knapweed,Centaurea virgata ssp. squarrosa (Willd.) Gugler,2,Forbs/Herbs
European centaury,Centaurium erythraea Rafn,97,Forbs/Herbs
Asiatic pennywort,Centella asiatica (L.) Urban,37,Forbs/Herbs
red valerian,Centranthus ruber (L.) DC.,52,Forbs/Herbs
common tarweed,Centromadia pungens ssp. pungens (Hook. & Arn.) Greene,54,Forbs/Herbs
common mouse-ear chickweed,Cerastium fontanum Baumg.,1544,Forbs/Herbs
big chickweed,Cerastium fontanum ssp. vulgare (Hartman) Greuter & Burdet,1443,Forbs/Herbs
sticky chickweed,Cerastium glomeratum Thuill.,1002,Forbs/Herbs
boreal chickweed,Cerastium tomentosum L.,64,Forbs/Herbs
bur buttercup,Ceratocephala testiculata (Crantz) Bess.,233,Forbs/Herbs
day jessamine,Cestrum diurnum L.,18,Hardwood Trees
night jessamine,Cestrum nocturnum L.,28,Hardwood Trees
Chilean jessamine,Cestrum parqui L'Hér.,1,Hardwood Trees
sensitive partridgepea,Chamaecrista nictitans (L.) Moench,1044,Forbs/Herbs
Port Orford cedar,Chamaecyparis lawsoniana (A. Murr.) Parl.,28,Conifer Trees
tagasaste,Chamaecytisus palmensis (Christ) F.A. Bisby & K.W. Nicholls [excluded],0,
Seifriz's chamaedorea,Chamaedorea seifrizii Burret,5,Hardwood Trees
garden spurge,Chamaesyce hirta (L.) Millsp.,117,Forbs/Herbs
African cornflag,Chasmanthe floribunda (Salisb.) N.E. Br.,12,Forbs/Herbs
Malay ginger,Cheilocostus speciosus (J.Koenig) C.D.Specht,4,Forbs/Herbs
greater celandine,Chelidonium majus L.,490,Forbs/Herbs
celandine,Chelidonium majus var. majus L.,0,Forbs/Herbs
giantseed goosefoot,Chenopodiastrum simplex (Torr.) S. Fuentes et al.,913,Forbs/Herbs
lambsquarters,Chenopodium album L,2068,Forbs/Herbs
lambsquarters,Chenopodium album var. album L.,13,Forbs/Herbs
nettleleaf goosefoot,Chenopodium murale L.,374,Forbs/Herbs
swollen fingergrass,Chloris barbata Sw.,14,Grass or Grasslike
rush skeletonweed,Chondrilla juncea L.,251,Forbs/Herbs
blue mustard,Chorispora tenella (Pallas) DC.,434,Forbs/Herbs
soft fern,Christella dentata (Forssk.) Brownsey & Jermy,94,Forbs/Herbs
boneseed,Chrysanthemoides monilifera ssp. monilifera (L.) Norlindh,2,Shrub or Subshrub
satinleaf,Chrysophyllum oliviforme L.,17,Hardwood Trees
wall lettuce,Cicerbita muralis,95,Forbs/Herbs
chicory,Cichorium intybus L.,1548,Forbs/Herbs
western waterhemlock,Cicuta douglasii (DC.) Coult. & Rose,12,Forbs/Herbs
quinine,Cinchona pubescens Vahl,2,Hardwood Trees
padang cassia,Cinnamomum burmannii (Nees & Th. Nees) Nees ex Blume,7,Hardwood Trees
camphortree,Cinnamomum camphora (L.) J. Presl,150,Hardwood Trees
Canada thistle,Cirsium arvense (L.) Scop.,1695,Forbs/Herbs
marsh thistle,Cirsium palustre (L.) Scop.,71,Forbs/Herbs
bull thistle,Cirsium vulgare (Savi) Ten.,1905,Forbs/Herbs
Cretan rockrose,Cistus incanus ssp. creticus (L.) Heywood,12,Shrub or Subshrub
juniper berry,Citharexylum caudatum L.,4,Hardwood Trees
spiny fiddlewood,Citharexylum spinosum L.,9,Hardwood Trees
colocynth,Citrullus colocynthis (L.) Schrad.,5,Vines
trifoliate orange,Citrus trifoliata (L.) Raf.,366,Hardwood Trees
lime,Citrus x aurantiifolia (Christm.) Swingle,5,Hardwood Trees
sour orange,Citrus x aurantium L. (pro sp.) [maxima × reticulata],50,Hardwood Trees
lemon,Citrus x limon (L.) Osbeck,9,Hardwood Trees
orange,Citrus x sinensis (L.) Osbeck (pro sp.) [maxima × reticulata],11,Hardwood Trees
oriental virginsbower,Clematis orientalis L.,38,Vines
sweet autumn virginsbower,Clematis terniflora DC,532,Vines
evergreen clematis,Clematis vitalba L.,48,Vines
rose glorybower,Clerodendrum bungei Steud.,38,Hardwood Trees
stickbush,Clerodendrum chinense (Osb.) Mabberley,15,Hardwood Trees
turk's turbin,Clerodendrum indicum (L.) Kuntze,75,Shrub or Subshrub
Japanese glorybower,Clerodendrum japonicum (Thunb.) Sweet,0,Shrub or Subshrub
Javanese glorybower,Clerodendrum speciosissimum Van Geert ex Morr.,12,Hardwood Trees
soapbush,Clidemia hirta (L.) D. Don,4,Shrub or Subshrub
wild basil,Clinopodium vulgare L.,8,Forbs/Herbs
ivy gourd,Coccinia grandis (L.) Voigt,8,Vines
coconut palm,Cocos nucifera Linnaeus,14,Palms
Arabian coffee,Coffea arabica L.,5,Hardwood Trees
star-mustard,Coincya monensis (L.) Greuter & Burdet,49,Forbs/Herbs
Job's tears,Coix lacryma-jobi L.,24,Grass or Grasslike
common coleus,Coleus scutellarioides (L.) Benth.,11,Forbs/Herbs
"coco yam, wild taro",Colocasia esculenta (L.) Schott,211,Forbs/Herbs
Asian nakedwood,Colubrina asiatica (L.) Brongn.,13,Hardwood Trees
bladder senna,Colutea arborescens L.,50,Hardwood Trees
Benghal dayflower,Commelina benghalensis L.,36,Forbs/Herbs
Asiatic dayflower,Commelina communis L.,1226,Forbs/Herbs
narrow-leaved iceplant,Conicosia pugioniformis (L.) N.E. Br,7,Shrub or Subshrub
poison hemlock,Conium maculatum L.,1379,Forbs/Herbs
lily of the valley,Convallaria majalis L.,456,Forbs/Herbs
field bindweed,Convolvulus arvensis L.,1796,Vines
red manjack,Cordia collococca L.,0,Hardwood Trees
American bugseed,Corispermum americanum var. rydbergii Mosyakin,45,Forbs/Herbs
shiny bugseed,Corispermum nitidum Kit. ex J.A. Schultes,0,Forbs/Herbs
gray dogwood,Cornus racemosa Lam.,3,Hardwood Trees
redosier dogwood,Cornus sericea L.,2,Hardwood Trees
purple pampasgrass,Cortaderia jubata (Lem.) Stapf,47,Grass or Grasslike
Uruguayan pampas grass,Cortaderia selloana (Schult. & Schult. f.) Asch. & Graebn.,158,Grass or Grasslike
incised fumewort,Corydalis incisa (Thunb.) Pers.,34,Forbs/Herbs
common filbert,Corylus avellana L.,16,Hardwood Trees
karaka nut,Corynocarpus laevigatus J.R. & G. Forst.,4,Hardwood Trees
garden cosmos,Cosmos bipinnatus Cav.,138,Forbs/Herbs
milkflower cotoneaster,Cotoneaster coriaceus Franch.,21,Shrub or Subshrub
orange cotoneaster,Cotoneaster franchetii Boiss.,24,Shrub or Subshrub
cotoneaster,Cotoneaster Medik.,18,Shrub or Subshrub
silverleaf cotoneaster,Cotoneaster pannosus Franch.,26,Shrub or Subshrub
southern brassbuttons,Cotula australis (Sieber) Hook. f.,41,Forbs/Herbs
brassbuttons,Cotula coronopifolia L.,68,Forbs/Herbs
redflower ragleaf,Crassocephalum crepidioides (Benth.) S. Moore,18,Forbs/Herbs
common hawthorn,Crataegus monogyna Jacq.,206,Hardwood Trees
Washington hawthorn,Crataegus phaenopyrum (L. f.) Medik.,0,Shrub or Subshrub
smooth hawksbeard,Crepis capillaris (L.) Wallr,281,Forbs/Herbs
narrowleaf hawksbeard,Crepis tectorum L.,227,Forbs/Herbs
montbretia,Crocosmia x crocosmiiflora (V. Lemoine) N.E. Br. [aurea × pottsii],34,Forbs/Herbs
showy rattlebox,Crotalaria spectabilis Roth,293,Forbs/Herbs
smooth bedstraw,Cruciata laevipes Opiz,1,Forbs/Herbs
piedmont bedstraw,Cruciata pedemontana (Bellardi) Ehrend.,250,Forbs/Herbs
common crupina,Crupina vulgaris Cass.,31,Forbs/Herbs
Japanese cedar,Cryptomeria japonica (L. f.) D. Don,6,Conifer Trees
Palay rubbervine,Cryptostegia grandiflora (Roxb. ex R. Br.) R. Br.,3,Vines
Madagascar rubbervine,Cryptostegia madagascariensis Bojer ex Dcne.,12,Vines
Chinese fir,Cunninghamia lanceolata (Lamb.) Hook.,27,Conifer Trees
carrotwood,Cupaniopsis anacardioides (A. Rich.) Radlk.,29,Hardwood Trees
tarweed cuphea,Cuphea carthagenensis (Jacq.) J.F. Macbr.,213,Forbs/Herbs
Arizona cypress,Cupressus arizonica Greene,32,Conifer Trees
Monterey cypress,Cupressus macrocarpa Hartw. ex Gord.,12,Conifer Trees
dodder (nonnative),Cuscuta (non-native) L.,3,Vines
smallseed alfalfa dodder,Cuscuta approximata Bab.,72,Vines
clover dodder,Cuscuta epithymum (L.) L.,113,Vines
Japanese dodder,Cuscuta japonica Choisy,18,Vines
little ironweed,Cyanthillium cinereum (L.) H.E. Robins.,22,Forbs/Herbs
Cooper's cyathea,Cyathea cooperi (Hook. ex F. Muell.) Domin,5,Hardwood Trees
Kenilworth ivy,"Cymbalaria muralis P.G. Gaertn., B. Mey. & Scherb.",35,Forbs/Herbs
cardoon,Cynara cardunculus L.,56,Forbs/Herbs
bermudagrass,Cynodon dactylon (L.) Pers,1415,Grass or Grasslike
houndstongue,Cynoglossum officinale L.,937,Forbs/Herbs
hedgehog dogtailgrass,Cynosurus echinatus L.,130,Grass or Grasslike
Cuban bulrush,Cyperus blepharoleptos Steud.,1,Grass or Grasslike
false green kyllinga,Cyperus brevifolioides Thieret & Delahouss,117,Grass or Grasslike
smallflower umbrella sedge,Cyperus difformis L.,88,Grass or Grasslike
deeprooted sedge,Cyperus entrerianus Boeckl.,61,Aquatic Plants
yellow nutsedge,Cyperus esculentus L.,1684,Grass or Grasslike
haspan flatsedge,Cyperus haspan L.,270,Grass or Grasslike
umbrella plant,Cyperus involucratus Rottb,106,Grass or Grasslike
rice flatsedge,Cyperus iria L.,493,Grass or Grasslike
Asian flatsedge,Cyperus microiria Steud.,21,Grass or Grasslike
miniature flatsedge,Cyperus prolifer Lam,18,Grass or Grasslike
purple nutsedge,Cyperus rotundus L.,566,Grass or Grasslike
Japanese netvein hollyfern,Cyrtomium falcatum (L. f.) C. Presl,47,Forbs/Herbs
white spanishbroom,Cytisus multiflorus (L'Hér.) Sweet,0,Shrub or Subshrub
tagasaste,Cytisus proliferus L.f.,0,Conifer Trees
Scotch broom,Cytisus scoparius (L.) Link,325,Shrub or Subshrub
striated broom,Cytisus striatus (Hill) Rothm,17,Shrub or Subshrub
orchardgrass,Dactylis glomerata L.,1744,Grass or Grasslike
orchardgrass,Dactylis glomerata ssp. glomerata L.,2,Grass or Grasslike
crowfootgrass,Dactyloctenium aegyptium (L.) Willd,484,Grass or Grasslike
Indian rosewood,Dalbergia sissoo Roxb. ex DC.,19,Hardwood Trees
spurgecreeper,Dalechampia scandens L.,1,Forbs/Herbs
spurgelaurel,Daphne laureola L.,29,Hardwood Trees
February daphne,Daphne mezereum L.,62,Shrub or Subshrub
sacred datura,Datura inoxia Mill.,2,Shrub or Subshrub
jimsonweed,Datura stramonium L.,1340,Forbs/Herbs
"Queen Anne's lace, wild carrot",Daucus carota L.,1909,Forbs/Herbs
"Cape-ivy, cape ivy",Delairea odorata Lem,28,Forbs/Herbs
serpent fern,Deparia kaalaana (Copeland) M. Kato,0,Forbs/Herbs
Japanese false spleenwort,Deparia petersenii (Kunze) M. Kato,39,Forbs/Herbs
flixweed,Descurainia sophia (L.) Webb ex Prantl,852,Forbs/Herbs
creeping beggarweed,Desmodium incanum DC.,63,Shrub or Subshrub
Hawai'i ticktrefoil,Desmodium sandwicense E. Mey.,4,Shrub or Subshrub
threeflower beggarweed,Desmodium triflorum (L.) DC.,44,Forbs/Herbs
fuzzy pride-of-Rochester,Deutzia scabra Thunb.,62,Shrub or Subshrub
Deptford pink,Dianthus armeria L.,1267,Forbs/Herbs
"didymo, rock snot",Didymosphenia geminata (Lyngbye) M. Schmidt,11,Aquatic Plants
Grecian foxglove,Digitalis lanata Ehrh.,51,Forbs/Herbs
foxglove,Digitalis purpurea L.,212,Forbs/Herbs
southern crabgrass,Digitaria ciliaris (Retz.) Koel,820,Grass or Grasslike
pangolagrass,Digitaria eriantha Steud.,37,Grass or Grasslike
sourgrass,Digitaria insularis (L.) Mez ex Ekman,49,Grass or Grasslike
large crabgrass,Digitaria sanguinalis (L.) Scop,1732,Grass or Grasslike
East Indian crabgrass,Digitaria setigera Roth ex Roemer & J.A. Schultes,6,Grass or Grasslike
violet crabgrass,Digitaria violascens Link,246,Grass or Grasslike
winged yam,Dioscorea alata L.,42,Vines
air-potato,Dioscorea bulbifera L.,136,Vines
Chinese yam,Dioscorea polystachya Turcz.,497,Vines
okie bean,Dipogon lignosus (L.) Verdc.,2,Forbs/Herbs
common teasel,Dipsacus fullonum L.,928,Forbs/Herbs
cutleaf teasel,Dipsacus laciniatus L.,380,Forbs/Herbs
Fuller's teasel,Dipsacus sativus (L.) Honckeny,36,Forbs/Herbs
stinkwort,Dittrichia graveolens (L.) W. Greuter,44,Forbs/Herbs
false yellowhead,Dittrichia viscosa (L.) Greuter,0,Forbs/Herbs
spring whitlowgrass,Draba verna L.,839,Forbs/Herbs
heartleaf drymary,Drymaria cordata (L.) Willd. ex J.A. Schultes,67,Forbs/Herbs
Autumn fern,Dryopteris erythrosora (D.C.Eaton) Kuntze,8,Forbs/Herbs
mexicantea,Dysphania ambrosioides (L.) Mosyakin & Clemants,1166,Forbs/Herbs
clammy goosefoot,Dysphania pumilio (R. Br.) Mosyakin & Clemants,169,Forbs/Herbs
junglerice,Echinochloa colona (L.) Link,664,Grass or Grasslike
barnyardgrass,Echinochloa crus-galli (L.) Beauv,1970,Grass or Grasslike
pride of Madeira,Echium candicans L. f.,16,Shrub or Subshrub
salvation jane,Echium plantagineum L.,5,Forbs/Herbs
"common viper's bugloss, blueweed",Echium vulgare L.,625,Forbs/Herbs
eclipta,Eclipta prostrata (L.) L.,1275,Forbs/Herbs
"Brazilian waterweed, Brazilian elodea",Egeria densa Planch.,415,Aquatic Plants
perennial veldtgrass,Ehrharta calycina Sm.,20,Grass or Grasslike
panic veldtgrass,Ehrharta erecta Lam.,23,Grass or Grasslike
longflowered veldtgrass,Ehrharta longiflora Sm.,4,Grass or Grasslike
Russian olive,Elaeagnus angustifolia L.,852,Shrub or Subshrub
cherry silverberry,Elaeagnus multiflora Thunb.,22,Shrub or Subshrub
thorny olive,Elaeagnus pungens Thunb.,275,Shrub or Subshrub
autumn olive,Elaeagnus umbellata Thunb.,1274,Shrub or Subshrub
goosegrass,Eleusine indica (L.) Gaertn.,1609,Grass or Grasslike
five-leaf aralia,Eleutherococcus sieboldianus (Makino.) Koidz.,34,Shrub or Subshrub
crested latesummer mint,Elsholtzia ciliata (Thunb.) Hyl.,31,Forbs/Herbs
quackgrass,Elymus repens (L.) Gould,1399,Grass or Grasslike
Cupid's-shaving-brush,Emilia fosbergii D.H. Nicols.,53,Forbs/Herbs
lilac tasselflower,Emilia sonchifolia var. sonchifolia (L.) DC.,35,Forbs/Herbs
Epidendrum ×obrienianum,Epidendrum x obrienianum Rolfe [evectum × ibaguense],4,Forbs/Herbs
aboriginal willowherb,Epilobium billardierianum ssp. cinereum (A. Rich.) P.H. Raven & Engelhorn,6,Forbs/Herbs
hairy willowherb,Epilobium hirsutum L.,244,Forbs/Herbs
helleborine,Epipactis helleborine (L.) Crantz,412,Forbs/Herbs
centipede tongavine,Epipremnum pinnatum (L.) Engl,26,Vines
golden pothos,Epipremnum pinnatum cv. aureum (L.) Engl,2,Vines
field horsetail,Equisetum arvense L,1414,Forbs/Herbs
horsetail,Equisetum L.,4,Forbs/Herbs
giant horsetail,Equisetum telmateia Ehrh.,76,Forbs/Herbs
stinkgrass,Eragrostis cilianensis (All.) Vign. ex Janchen,1578,Grass or Grasslike
Cuming's lovegrass,Eragrostis cumingii Steud.,20,Grass or Grasslike
weeping lovegrass,Eragrostis curvula (Schrad.) Nees,383,Grass or Grasslike
Lehmann lovegrass,Eragrostis lehmanniana Nees,73,Grass or Grasslike
American burnweed,Erechtites hieraciifolius (L.) Raf. ex DC.,1490,Forbs/Herbs
tropical burnweed,Erechtites valerianifolius (Spreng.) DC.,4,Forbs/Herbs
Scots heath,Erica cinerea L.,1,Shrub or Subshrub
Spanish heath,Erica lusitanica K. Rudolphi,25,Shrub or Subshrub
crossleaf heath,Erica tetralix L.,11,Shrub or Subshrub
Argentine fleabane,Erigeron bonariensis L.,212,Forbs/Herbs
Canadian horseweed,Erigeron canadensis L.,2543,Forbs/Herbs
tropical cupgrass,Eriochloa fatmensis (Hochst. & Steud.) W.D. Clayton,2,Grass or Grasslike
redstem filaree,Erodium cicutarium (L.) L'Hér. ex Ait.,1023,Forbs/Herbs
Indian coralbean,Erythrina variegata L.,1,Hardwood Trees
river redgum,Eucalyptus camaldulensis Dehnhardt,28,Hardwood Trees
sugargum,Eucalyptus cladocalyx F. Muell.,3,Hardwood Trees
Tasmanian bluegum,Eucalyptus globulus Labill.,35,Hardwood Trees
redbox,Eucalyptus polyanthemos Schauer,9,Hardwood Trees
swampmahogany,Eucalyptus robusta Sm.,13,Hardwood Trees
black peppermint,Eucalyptus salicifolia (Sol.) Cav.,2,Hardwood Trees
forest redgum,Eucalyptus tereticornis Sm.,18,Hardwood Trees
father-and-child plant,Euchiton japonicus (Thunb.) A. Anderb.,10,Forbs/Herbs
Surinam cherry,Eugenia uniflora L.,30,Shrub or Subshrub
Eulophia ground orchid,Eulophia graminea Lindl.,35,Forbs/Herbs
winged burning bush,Euonymus alatus (Thunb.) Sieb.,633,Shrub or Subshrub
European spindletree,Euonymus europaeus L.,155,Shrub or Subshrub
winter creeper,Euonymus fortunei (Turcz.) Hand.-Maz.,529,Vines
cypress spurge,Euphorbia cyparissias L.,917,Forbs/Herbs
leafy spurge,Euphorbia esula var. esula L.,96,Forbs/Herbs
moleplant,Euphorbia lathyris L.,42,Forbs/Herbs
spotted spurge,Euphorbia maculata (L.) Small,2087,Forbs/Herbs
myrtle spurge,Euphorbia myrsinites L,124,Forbs/Herbs
eggleaf spurge,Euphorbia oblongata Griseb,47,Forbs/Herbs
petty spurge,Euphorbia peplus L.,211,Forbs/Herbs
poinsettia,Euphorbia pulcherrima Willd. ex Klotzsch,4,Hardwood Trees
Geraldton carnation weed,Euphorbia terracina L.,10,Forbs/Herbs
spurge,Euphorbia tommasiniana Bertol.,33,Forbs/Herbs
leafy spurge,Euphorbia virgata Waldst. & Kit.,1070,Forbs/Herbs
hawk's eye,Euryops multifidus (Thunb.) DC.,5,Shrub or Subshrub
common pearlbrush,Exochorda racemosa (Lindl.) Rehd.,29,Shrub or Subshrub
Tartary buckwheat,Fagopyrum tataricum (L.) Gaertn,0,Forbs/Herbs
peacocksplume,Falcataria moluccana (Miquel) Barneby & Grimes,4,Hardwood Trees
wild buckwheat,Fallopia convolvulus L.,1524,Vines
mulberryweed,Fatoua villosa (Thunb.) Nakai,180,Forbs/Herbs
tall fescue,Festuca arundinacea Schreb.,1492,Grass or Grasslike
meadow fescue,Festuca pratensis Huds.,1365,Grass or Grasslike
red fescue,Festuca rubra L.,648,Grass or Grasslike
sheep fescue,Festuca trachyphylla (Hack.) Krajina nom. illeg.,360,Grass or Grasslike
"lesser celandine, fig buttercup",Ficaria verna Huds.,339,Forbs/Herbs
council tree,Ficus altissima Blume,7,Hardwood Trees
edible fig,Ficus carica L.,151,Hardwood Trees
Indian rubberplant,Ficus elastica Roxb.,3,Hardwood Trees
Chinese banyan,Ficus microcarpa L. f.,22,Hardwood Trees
queen-of-the-meadow,Filipendula ulmaria (L.) Maxim.,97,Forbs/Herbs
Chinese parasoltree,Firmiana simplex (L.) W. Wight,102,Shrub or Subshrub
governor's plum,Flacourtia indica (Burm. f.) Merr,6,Shrub or Subshrub
Queensland maple,Flindersia brayleyana F. Muell.,4,Hardwood Trees
fennel,Foeniculum vulgare P. Mill.,308,Forbs/Herbs
beach strawberry,Fragaria chiloensis (L.) P. Mill.,57,Forbs/Herbs
woodland strawberry,Fragaria vesca ssp. vesca L.,141,Forbs/Herbs
glossy buckthorn,Frangula alnus Mill.,461,Shrub or Subshrub
shamel ash,Fraxinus uhdei (Wenzig) Lingelsh,10,Hardwood Trees
slender snakecotton,Froelichia gracilis (Hook.) Moq.,646,Forbs/Herbs
Mauritius hemp,Furcraea foetida (L.) Haw,7,Shrub or Subshrub
goatsrue,Galega officinalis L.,39,Forbs/Herbs
green galenia,Galenia pubescens (Eckl. & Zeyh.) Druce,2,Forbs/Herbs
common hempnettle,Galeopsis tetrahit L.,276,Forbs/Herbs
smallflower galinsoga,Galinsoga parviflora Cav.,263,Forbs/Herbs
hairy galinsoga,Galinsoga quadriradiata Cav,878,Forbs/Herbs
white bedstraw,Galium album Mill.,0,Forbs/Herbs
catchweed bedstraw,Galium aparine L.,610,Forbs/Herbs
smooth bedstraw,Galium mollugo L.,423,Forbs/Herbs
sweetscented bedstraw,Galium odoratum (L.) Scop.,41,Forbs/Herbs
yellow bedstraw,Galium verum L.,316,Forbs/Herbs
purple cudweed,Gamochaeta purpurea (L.) Cabrera,1100,Forbs/Herbs
blue lawngrass,Garnotia stricta Brongn.,4,Grass or Grasslike
nit grass,Gastridium phleoides (Nees & Meyen) C.E. Hubbard,65,Grass or Grasslike
treasureflower,Gazania linearis (Thunb.) Druce,15,Forbs/Herbs
Mediterranean broom,Genista linifolia L.,6,Shrub or Subshrub
French broom,Genista monspessulana (L.) L. Johnson,54,Shrub or Subshrub
Dyer's greenweed,Genista tinctoria L.,30,Shrub or Subshrub
longstalk cranesbill,Geranium columbinum L.,183,Forbs/Herbs
cutleaf geranium,Geranium dissectum L.,344,Forbs/Herbs
Australasian geranium,Geranium homeanum Turcz.,4,Forbs/Herbs
shining geranium,Geranium lucidum L.,34,Forbs/Herbs
dovefoot geranium,Geranium molle L.,81,Forbs/Herbs
little-robin,Geranium purpureum Vill.,13,Forbs/Herbs
herb-robert,Geranium robertianum L.,335,Forbs/Herbs
Thunberg's geranium,Geranium thunbergii Sieb. & Zucc. ex Lindl. & Paxton,15,Forbs/Herbs
herb bennet,Geum urbanum L.,46,Forbs/Herbs
bluehead gilia,Gilia capitata Sims,107,Forbs/Herbs
yellow hornpoppy,Glaucium flavum Crantz,21,Forbs/Herbs
crowndaisy,Glebionis coronaria (L.) Tzvelev,34,Forbs/Herbs
ground ivy,Glechoma hederacea L.,1449,Forbs/Herbs
mudmat,Glossostigma cleistanthum W.R. Barker,12,Forbs/Herbs
waxy mannagrass,Glyceria declinata Brébiss.,44,Grass or Grasslike
rough mannagrass,Glyceria maxima (Hartman) Holmb.,50,Aquatic Plants
low cudweed,Gnaphalium uliginosum L.,405,Forbs/Herbs
balloon plant,Gomphocarpus physocarpus Meyer,5,Forbs/Herbs
kahiliflower,Grevillea banksii R. Br.,4,Hardwood Trees
silkoak,Grevillea robusta A. Cunningham ex R. Br.,22,Hardwood Trees
Chilean gunnera,Gunnera tinctoria (Molina) Mirb.,2,Forbs/Herbs
babysbreath,Gypsophila paniculata L.,271,Forbs/Herbs
garden baby's-breath,Gypsophila scorzonerifolia Ser.,34,Forbs/Herbs
bloodwoodtree,Haematoxylum campechianum L.,2,Hardwood Trees
"halogeton, saltlover",Halogeton glomeratus (Bieb.) C.A. Mey.,136,Forbs/Herbs
Algerian ivy,Hedera canariensis Willd.,17,Vines
English ivy,Hedera helix L.,845,Vines
Atlantic ivy,Hedera hibernica (Kirchn.) Bean.,10,Vines
ivy,Hedera L.,184,Vines
white garland-lily,Hedychium coronarium Koenig,25,Forbs/Herbs
cream garland-lily,Hedychium flavescens Carey ex Roscoe,5,Forbs/Herbs
Kahila garland-lily,Hedychium gardnerianum Shepard ex Ker-Gawl.,6,Forbs/Herbs
Texas blueweed,Helianthus ciliaris DC.,147,Forbs/Herbs
prairie sunflower,Helianthus petiolaris Nutt.,710,Forbs/Herbs
Jerusalem artichoke,Helianthus tuberosus L.,0,Forbs/Herbs
strawflower,Helichrysum petiolare Hilliard & Burtt,7,Shrub or Subshrub
white moho,Heliocarpus popayanensis Kunth,4,Hardwood Trees
clasping heliotrope,Heliotropium amplexicaule L.,18,Forbs/Herbs
bristly oxtongue,Helminthotheca echioides (L.) Holub,61,Forbs/Herbs
limpograss,Hemarthria altissima (Poir.) Stapf & C.E. Hubbard,53,Grass or Grasslike
tawny daylily,Hemerocallis fulva (L.) L.,1120,Forbs/Herbs
yellow daylily,Hemerocallis lilioasphodelus L.,78,Forbs/Herbs
giant hogweed,Heracleum mantegazzianum Sommier & Levier,302,Forbs/Herbs
dames rocket,Hesperis matronalis L.,1225,Forbs/Herbs
pearlflower,Heterocentron subtriplinervium (Link & Otto) A. Braun & Bouché,5,Shrub or Subshrub
Beechey's withe,Heteropterys brachiata (L.)DC.,3,Vines
telegraph weed,Heterotheca grandiflora Nutt.,50,Forbs/Herbs
rose of Sharon,Hibiscus syriacus L.,371,Hardwood Trees
Venice mallow,Hibiscus trionum L.,859,Forbs/Herbs
polar hawkweed,Hieracium atratum Fr.,2,Forbs/Herbs
meadow hawkweed,Hieracium caespitosum Dumort.,625,Forbs/Herbs
Canadian hawkweed,Hieracium canadense Michx.,16,Forbs/Herbs
hawkweeds,Hieracium L.,52,Forbs/Herbs
common hawkweed,Hieracium lachenalii K.C. Gmel.,66,Forbs/Herbs
smooth hawkweed,Hieracium laevigatum,6,Forbs/Herbs
kingdevil hawkweed,Hieracium piloselloides Vill.,292,Forbs/Herbs
yellow devil hawkweed,Hieracium x floribundum Wimmer & Grab. [caespitosum x lactucella],71,Forbs/Herbs
Barbados lily,Hippeastrum puniceum (Lam.) Kuntze,0,Forbs/Herbs
shortpod mustard,Hirschfeldia incana (L.) Lagrèze-Fossat,73,Forbs/Herbs
common velvetgrass,Holcus lanatus L.,777,Grass or Grasslike
German velvetgrass,Holcus mollis L.,39,Grass or Grasslike
foxtail barley,Hordeum jubatum L.,136,Grass or Grasslike
seaside barley,Hordeum marinum Huds.,124,Grass or Grasslike
mouse barley,Hordeum murinum L.,255,Grass or Grasslike
smooth barley,Hordeum murinum ssp. glaucum (Steud.) Tzvelev,120,Grass or Grasslike
leporinum barley,Hordeum murinum ssp. leporinum (Link) Arcang.,183,Grass or Grasslike
chameleon-plant,Houttuynia cordata Thunb.,21,Forbs/Herbs
hooked hair hops,Humulus japonicus Siebold & Zucc.,494,Vines
Mexican tulip poppy,Hunnemannia fumariifolia Sweet,2,Forbs/Herbs
Hispanic hyacinthoides,Hyacinthoides hispanica (Mill.) Rothm.,14,Forbs/Herbs
panicled hydrangea,Hydrangea paniculata Sieb.,37,Shrub or Subshrub
hydrilla,Hydrilla verticillata (L. f.) Royle,535,Aquatic Plants
European frog-bit,Hydrocharis morsus-ranae L.,172,Aquatic Plants
whorled pennywort,Hydrocotyle verticillata Thunb.,447,Forbs/Herbs
eastern waterleaf,Hydrophyllum virginianum L.,0,Forbs/Herbs
miramar weed,Hygrophila polysperma (Roxb.) T. Anders.,29,Aquatic Plants
West Indian marsh grass,Hymenachne amplexicaulis (Rudge) Nees,30,Grass or Grasslike
black henbane,Hyoscyamus niger L.,273,Forbs/Herbs
thatching grass,Hyparrhenia hirta (L.) Stapf,1,Grass or Grasslike
jaraguagrass,Hyparrhenia rufa (Nees) Stapf,22,Grass or Grasslike
sweet-amber,Hypericum androsaemum L.,2,Shrub or Subshrub
Aaron's beard,Hypericum calycinum L.,22,Shrub or Subshrub
Canary Island St. Johnswort,Hypericum canariense L.,8,Shrub or Subshrub
malfurada,Hypericum grandifolium Choisy,4,Forbs/Herbs
common St. Johnswort,Hypericum perforatum L.,1460,Forbs/Herbs
smooth cat's ear,Hypochaeris glabra L.,190,Forbs/Herbs
hairy cat's ear,Hypochaeris radicata L.,594,Forbs/Herbs
tropical bushmint,Hyptis mutabilis (Rich.) Briq.,0,Forbs/Herbs
English holly,Ilex aquifolium L.,73,Hardwood Trees
Chinese holly,Ilex cornuta Lindl. & Paxton,52,Hardwood Trees
Japanese holly,Ilex crenata Thunb.,40,Hardwood Trees
Himalayan balsam,Impatiens glandulifera Royle,193,Forbs/Herbs
Brazilian satintail,Imperata brasiliensis Trinius,19,Grass or Grasslike
California satintail,Imperata brevifolia Vasey,1,Grass or Grasslike
cogongrass,Imperata cylindrica (L.) Beauv.,320,Grass or Grasslike
anil de pasto,Indigofera suffruticosa P. Mill.,60,Shrub or Subshrub
elecampane,Inula helenium L.,343,Forbs/Herbs
moonflower,Ipomoea alba L.,48,Vines
swamp morning-glory,Ipomoea aquatica Forssk.,18,Aquatic Plants
gloria de la manana,Ipomoea carnea ssp. fistulosa (Mart. ex Choisy) D. Austin,20,Shrub or Subshrub
red morning-glory,Ipomoea coccinea L.,445,Vines
tievine,Ipomoea cordatotriloba var. cordatotriloba Dennst.,238,Vines
ivyleaf morning-glory,Ipomoea hederacea Jacq.,1021,Vines
blue morning-glory,Ipomoea indica (Burm. f.) Merr.,26,Vines
pitted morning-glory,Ipomoea lacunosa L.,801,Vines
tall morning-glory,Ipomoea purpurea (L.) Roth,950,Vines
"pale yellow iris, yellow flag iris",Iris pseudacorus L.,793,Aquatic Plants
Dyer's woad,Isatis tinctoria L.,174,Forbs/Herbs
tansy ragwort,Jacobaea vulgaris Gaertn.,157,Forbs/Herbs
smallflower morningglory,Jacquemontia tamnifolia (L.) Griseb.,284,Vines
Gold Coast jasmine,Jasminum dichotomum Vahl,11,Vines
Brazilian jasmine,Jasminum fluminense Vell.,17,Vines
star jasmine,Jasminum multiflorum (Burm. f.) Andr.,11,Vines
Arabian jasmine,Jasminum sambac (L.) Ait.,7,Vines
soft rush,Juncus effusus L.,0,Grass or Grasslike
swordleaf rush,Juncus ensifolius Wikstr.,315,Grass or Grasslike
broadleaf rush,Juncus planifolius R. Br.,8,Grass or Grasslike
eastern redcedar,Juniperus virginiana L.,2312,Conifer Trees
chandelier plant,Kalanchoe delagoensis Ecklon & Zeyh.,30,Forbs/Herbs
cathedral bells,Kalanchoe pinnata (Lam.) Pers.,26,Shrub or Subshrub
hybrid mother of millions,Kalanchoe x houghtonii D.B. Ward,6,Forbs/Herbs
castor aralia,Kalopanax septemlobus (Thunb.) Koidz,18,Hardwood Trees
Japanese rose,Kerria japonica (L.) DC.,48,Shrub or Subshrub
"bluebuttons, field scabious",Knautia arvensis (L.) Coult.,126,Forbs/Herbs
redhot poker,Kniphofia uvaria (L.) Oken,12,Forbs/Herbs
flamegold,Koelreuteria elegans ssp. formosana (Hayata) F.G. Mey.,36,Hardwood Trees
goldenrain tree,Koelreuteria paniculata Laxm.,147,Hardwood Trees
beautybush,Kolkwitzia amabilis Graebn.,3,Shrub or Subshrub
Korean lespedeza,Kummerowia stipulacea (Maxim.) Makino,702,Forbs/Herbs
Japanese clover,Kummerowia striata (Thunb.) Schindl.,825,Forbs/Herbs
burgan,Kunzea ericoides (A. Rich.) J. Thomp.,0,Hardwood Trees
green kyllinga,Kyllinga brevifolia Rottb.,165,Grass or Grasslike
white kyllinga,Kyllinga nemoralis (J.R. Forst. & G. Forst.) Dandy ex Hutch. & Dalziel,4,Grass or Grasslike
lettuce,Lactuca,0,Forbs/Herbs
tall lettuce,Lactuca canadensis L.,1690,Forbs/Herbs
willowleaf lettuce,Lactuca saligna L.,394,Forbs/Herbs
lettuce,Lactuca sativa L.,95,Forbs/Herbs
prickly lettuce,Lactuca serriola L.,1895,Forbs/Herbs
blue lettuce,Lactuca tatarica (L.) C.A. Mey.,542,Forbs/Herbs
crapemyrtle,Lagerstroemia indica L.,197,Hardwood Trees
henbit,Lamium amplexicaule L.,1893,Forbs/Herbs
yellow archangel,Lamium galeobdolon (L.) Crantz,135,Forbs/Herbs
spotted deadnettle,Lamium maculatum L.,155,Forbs/Herbs
purple deadnettle,Lamium purpureum L.,1099,Forbs/Herbs
purple deadnettle,Lamium purpureum var. purpureum L.,0,Forbs/Herbs
dotted duckmeat,Landoltia punctata (G.F.W. Mey.) D.H. Les & D.J. Crawford,280,Aquatic Plants
largeleaf lantana,Lantana camara L.,254,Shrub or Subshrub
weeping lantana,Lantana montevidensis (Spreng.) Briq.,55,Shrub or Subshrub
lantana,Lantana strigocamara R. W. Sanders,31,Shrub or Subshrub
nipplewort,Lapsana communis L.,321,Forbs/Herbs
everlasting peavine,Lathyrus latifolius L.,915,Vines
flat peavine,Lathyrus sylvestris L.,23,Forbs/Herbs
common duckweed,Lemna minor L.,1243,Aquatic Plants
lesser hawkbit,Leontodon saxatilis ssp. saxatilis L.,103,Forbs/Herbs
lesser hawkbit,Leontodon taraxacoides ssp. taraxacoides L.,6,Forbs/Herbs
motherwort,Leonurus cardiaca L.,1041,Forbs/Herbs
common motherwort,Leonurus cardiaca ssp. cardiaca L.,4,Forbs/Herbs
pepperweed,Lepidium,66,Forbs/Herbs
hairy whitetop,Lepidium appelianum Al-Shehbaz,184,Forbs/Herbs
field pepperweed,Lepidium campestre (L.) Ait. f.,990,Forbs/Herbs
"orbicular whitetop, lens-podded hoary cress",Lepidium chalepense L.,193,Forbs/Herbs
common pepperweed,Lepidium densiflorum var. densiflorum Schrad.,28,Forbs/Herbs
lesser swinecress,Lepidium didymum L.,385,Forbs/Herbs
hoary cress,Lepidium draba (L.) Desv,629,Forbs/Herbs
perennial pepperweed,Lepidium latifolium L.,345,Forbs/Herbs
clasping pepperweed,Lepidium perfoliatum L.,341,Forbs/Herbs
narrowleaf pepperweed,Lepidium ruderale L.,0,Forbs/Herbs
Virginia pepperweed,Lepidium virginicum L.,1980,Forbs/Herbs
hairy pepperweed,Lepidium virginicum var. pubescens (Greene) Thell.,0,Forbs/Herbs
Australian teatree,Leptospermum laevigatum (Sol. ex Gaertn.) F. Muell.,12,Shrub or Subshrub
broom teatree,Leptospermum scoparium J.R. & G. Forst.,8,Hardwood Trees
lepyrodiclis,Lepyrodiclis holosteoides (C.A. Mey.) Fenzl ex Fisch. & C.A. Mey.,3,Forbs/Herbs
shrubby lespedeza,Lespedeza bicolor Turcz.,698,Shrub or Subshrub
sericea lespedeza,Lespedeza cuneata (Dum.-Cours.) G. Don,1345,Shrub or Subshrub
Thunberg lespedeza,Lespedeza thunbergii (DC.) Nakai,64,Forbs/Herbs
white leadtree,Leucaena leucocephala (Lam.) de Wit,62,Hardwood Trees
oxeye daisy,Leucanthemum vulgare Lam.,1938,Forbs/Herbs
summer snowflake,Leucojum aestivum L.,82,Forbs/Herbs
Amur privet,Ligustrum amurense Carrière,33,Shrub or Subshrub
Japanese privet,Ligustrum japonicum Thunb.,626,Shrub or Subshrub
privet,Ligustrum L.,1270,Shrub or Subshrub
glossy privet,Ligustrum lucidum W.T. Aiton,230,Shrub or Subshrub
border privet,Ligustrum obtusifolium Sieb. & Zucc.,310,Shrub or Subshrub
Border Privet,Ligustrum obtusifolium var. obtusifolium Sieb.& Zucc.,1,Shrub or Subshrub
California privet,Ligustrum ovalifolium Hassk.,76,Shrub or Subshrub
waxyleaf privet,Ligustrum quihoui Carr.,41,Shrub or Subshrub
Chinese privet,Ligustrum sinense Lour.,1022,Shrub or Subshrub
European privet,Ligustrum vulgare L.,514,Shrub or Subshrub
American frogbit,Limnobium spongia (Bosc) L.C. Rich. ex Steud.,146,Aquatic Plants
limnophila,Limnophila sessiliflora (Vahl) Blume,24,Forbs/Herbs
European sea-lavender,Limonium duriusculum (Girard) Fourr.,8,Forbs/Herbs
Algerian sea lavender,Limonium ramosissimum ssp. provinciale (Pignatti) Pignatti,7,Forbs/Herbs
Dalmatian toadflax,Linaria dalmatica (L.) P. Mill.,461,Forbs/Herbs
yellow toadflax,Linaria vulgaris P. Mill.,1508,Forbs/Herbs
pale flax,Linum bienne Mill.,23,Forbs/Herbs
monkeygrass,Liriope muscari (Dcne.) Bailey,60,Forbs/Herbs
creeping liriope,Liriope spicata (Thunb.) Lour.,41,Forbs/Herbs
fountain palm,Livistona chinensis (Jacq.) R. Br. ex Mart.,16,Hardwood Trees
Chinese lobelia,Lobelia chinensis Lour.,2,Forbs/Herbs
sweet alyssum,Lobularia maritima (L.) Desv.,168,Forbs/Herbs
ryegrass,Lolium L.,1,Grass or Grasslike
annual ryegrass,Lolium multiflorum Lam.,56,Grass or Grasslike
perennial ryegrass,Lolium perenne L.,1622,Grass or Grasslike
Italian woodbine,Lonicera caprifolium L.,5,Vines
Etruscan honeysuckle,Lonicera etrusca Santi,9,Vines
sweet breath of spring,Lonicera fragrantissima Lindl. & Paxton,104,Shrub or Subshrub
Japanese honeysuckle,Lonicera japonica Thunb.,1820,Vines
Amur honeysuckle,Lonicera maackii (Rupr.) Herder,791,Shrub or Subshrub
Morrow's honeysuckle,Lonicera morrowii Gray,686,Shrub or Subshrub
woodbine,Lonicera periclymenum L.,11,Vines
Standish's honeysuckle,Lonicera standishii Jacques,21,Shrub or Subshrub
Tatarian honeysuckle,Lonicera tatarica L.,750,Shrub or Subshrub
"showy fly honeysuckle, Bell's honeysuckle",Lonicera x bella Zabel [morrowii × tatarica],453,Shrub or Subshrub
dwarf honeysuckle,Lonicera xylosteum L.,134,Shrub or Subshrub
vinegartree,Lophostemon confertus (R. Br.) P.G. Wilson & Waterhouse,4,Hardwood Trees
birdsfoot trefoil,Lotus corniculatus L.,1049,Forbs/Herbs
big trefoil,Lotus pedunculatus Cav.,9,Forbs/Herbs
hairy bird's-foot trefoil,Lotus subbiflorus Lag.,2,Forbs/Herbs
water primrose,Ludwigia grandiflora ssp. hexapetala (Hook. & Arn.) Nesom & Kartesz,80,Forbs/Herbs
longfruited primrose-willow,Ludwigia octovalvis (Jacq.) Raven,148,Shrub or Subshrub
waterpurslane,Ludwigia palustris (L.) Ell.,1474,Forbs/Herbs
creeping waterprimrose,Ludwigia peploides (Kunth) Raven,603,Aquatic Plants
floating primrose-willow,Ludwigia peploides ssp. glabrescens (Kuntze) P.H. Raven,10,Forbs/Herbs
primrose-willow,Ludwigia peruviana (L.) Hara,71,Forbs/Herbs
black mangrove,Lumnitzera racemosa Willd.,1,Shrub or Subshrub
annual honesty,Lunaria annua L.,289,Forbs/Herbs
watergrass,Luziola subintegra Swallen,6,Grass or Grasslike
oakforest woodrush,Luzula luzuloides (Lam.) Dandy & Wilmott,17,Grass or Grasslike
Japanese climbing fern,Lygodium japonicum (Thunb. ex Murr.) Sw.,480,Vines
old world climbing fern,Lygodium microphyllum (Cav.) R. Br.,45,Vines
"creeping yellow loosestrife, creeping Jenny",Lysimachia nummularia L.,1028,Forbs/Herbs
garden loosestrife,Lysimachia vulgaris L.,171,Forbs/Herbs
hyssop loosestrife,Lythrum hyssopifolia L.,92,Forbs/Herbs
creeping loosestrife,Lythrum junceum Banks & Sol.,0,Forbs/Herbs
purple loosestrife,Lythrum salicaria L.,1298,Aquatic Plants
European wand loosestrife,Lythrum virgatum L.,6,Forbs/Herbs
catclaw-vine,Macfadyena unguis-cati (L.) A.H. Gentry,52,Vines
osage-orange,Maclura pomifera (Raf.) Schneid.,1042,Hardwood Trees
wild bushbean,Macroptilium lathyroides (L.) Urb.,55,Forbs/Herbs
swordfern,Macrothelypteris torresiana (Gaud.) Ching,203,Forbs/Herbs
cluster tarweed,Madia glomerata Hook.,193,Forbs/Herbs
coast tarweed,Madia sativa Molina,90,Forbs/Herbs
leatherleaf mahonia,Mahonia bealei (Fortune) Carr.,229,Shrub or Subshrub
coppery mesemb,Malephora crocea (Jacq.) Schwant.,8,Forbs/Herbs
Siberian crabapple,Malus baccata (L.) Borkh.,71,Hardwood Trees
Japanese flowering crabapple,Malus floribunda Sieb. Ex Van Houtte,20,Hardwood Trees
Chinese crab apple,Malus hupehensis (Pamp.) Rehder,3,Hardwood Trees
crabapple and apple,Malus P. Mill.,5,Hardwood Trees
plumleaf crabapple,Malus prunifolia (Willd.) Borkh.,36,Hardwood Trees
paradise apple,Malus pumila P. Mill.,719,Hardwood Trees
European crabapple,Malus sylvestris P. Mill.,5,Hardwood Trees
toringo crab,Malus toringo (Siebold) Siebold ex de Vriese,15,Shrub or Subshrub
musk mallow,Malva moschata L.,300,Forbs/Herbs
common mallow,Malva neglecta Wallr.,1206,Forbs/Herbs
little mallow,Malva parviflora L.,201,Forbs/Herbs
high mallow,Malva sylvestris L.,25,Forbs/Herbs
cluster mallow,Malva verticillata L.,0,Forbs/Herbs
threelobe false mallow,Malvastrum coromandelianum (L.) Garcke,85,Forbs/Herbs
mazapan,Malvaviscus penduliflorus DC.,35,Shrub or Subshrub
mango,Mangifera indica L.,19,Hardwood Trees
cassava,Manihot esculenta Crantz,7,Shrub or Subshrub
ceara rubbertree,Manihot glaziovii Muell.-Arg.,4,Hardwood Trees
sapodilla,Manilkara zapota (L.) van Royen,8,Hardwood Trees
white horehound,Marrubium vulgare L.,777,Shrub or Subshrub
waterclover,Marsilea,0,
dwarf waterclover,Marsilea minuta L.,10,Forbs/Herbs
European water-clover,Marsilea quadrifolia L.,168,Aquatic Plants
pineapple-weed,Matricaria discoidea DC.,1189,Forbs/Herbs
mayten,Maytenus boaria Molina,11,Shrub or Subshrub
black medic,Medicago lupulina L.,2055,Forbs/Herbs
California burclover,Medicago polymorpha L.,344,Vines
guineagrass,Megathyrsus maximus (Jacq.) R. Webster,97,Grass or Grasslike
melaleuca,Melaleuca quinquenervia (Cav.) Blake,38,Hardwood Trees
Asian melastome,Melastoma candidum D. Don,3,Hardwood Trees
chinaberry,Melia azedarach L.,920,Hardwood Trees
white sweetclover,Melilotus albus Medikus,683,Forbs/Herbs
annual yellow sweetclover,Melilotus indicus (L.) All.,354,Forbs/Herbs
yellow sweet-clover,Melilotus officinalis (L.) Lam.,2482,Forbs/Herbs
molassesgrass,Melinis minutiflora Beauv.,59,Grass or Grasslike
natalgrass,Melinis repens (Willd.) Zizka,99,Grass or Grasslike
lemon balm,Melissa officinalis L.,253,Forbs/Herbs
hierba del soldado,Melochia umbellata (Houtt.) Stapf,4,Hardwood Trees
water mint,Mentha aquatica L.,276,Forbs/Herbs
pennyroyal,Mentha pulegium L.,104,Forbs/Herbs
spearmint,Mentha spicata L.,778,Forbs/Herbs
gingermint,Mentha x gracilis Sole (pro sp.) [arvensis × spicata],118,Forbs/Herbs
peppermint,Mentha x piperita L. (pro sp.),753,Forbs/Herbs
bigleaf mint,Mentha X rotundifolia (L.) Huds. (pro. sp.),1,Forbs/Herbs
mint,Mentha X verticillata L.,3,Forbs/Herbs
apple-mint,Mentha x villosa Huds. (pro sp.) [spicata × suaveolens],95,Forbs/Herbs
Spanish arborvine,Merremia tuberosa (L.) Rendle,10,Vines
crystalline iceplant,Mesembryanthemum crystallinum L.,21,Forbs/Herbs
slenderleaf iceplant,Mesembryanthemum nodiflorum L.,22,Forbs/Herbs
miconia,Miconia calvescens DC.,4,Shrub or Subshrub
weeping grass,Microlaena stipoides Labill.,4,Grass or Grasslike
Japanese stiltgrass,Microstegium vimineum (Trin.) A. Camus,1159,Grass or Grasslike
thoroughwort pennycress,Microthlaspi perfoliatum (L.) F.K. Mey.,293,Forbs/Herbs
mile-a-minute,Mikania micrantha Kunth,14,Vines
giant sensitiveplant,Mimosa diplotricha C. Wright ex Sauvalle,2,Shrub or Subshrub
catclaw mimosa,Mimosa pigra L.,13,Shrub or Subshrub
shameplant,Mimosa pudica var. unijuga (Duchass. & Walp.) Griseb.,6,Forbs/Herbs
common four-o'clock,Mirabilis jalapa L.,231,Forbs/Herbs
wild four-o'clock,Mirabilis nyctaginea (Michx.) MacM.,1128,Forbs/Herbs
creeping miscanthus,Miscanthus sacchariflorus (Maxim.) Franch.,114,Grass or Grasslike
bristle miscanthus,Miscanthus sinensis Anderss.,438,Grass or Grasslike
balsamapple,Momordica charantia L.,53,Vines
treedaisy,Montanoa hibiscifolia (Benth.) Standl.,4,Hardwood Trees
firetree,Morella faya (Ait.) Wilbur,4,Hardwood Trees
white mulberry,Morus alba L.,1460,Hardwood Trees
miniature beefsteakplant,Mosla dianthera (Buch.-Ham. ex Roxb.) Maxim.,40,Forbs/Herbs
marsh dayflower,Murdannia keisak (Hassk.) Hand.-Maz.,299,Forbs/Herbs
orange jessamine,Murraya paniculata (L.) Jack,51,Hardwood Trees
common grape hyacinth,Muscari botryoides (L.) P. Mill.,326,Forbs/Herbs
starch grape hyacinth,Muscari neglectum Guss. ex Ten.,296,Forbs/Herbs
ngaio tree,Myoporum laetum G. Forst.,17,Hardwood Trees
changing forget-me-not,Myosotis discolor Pers.,25,Forbs/Herbs
broadleaf forget-me-not,Myosotis latifolia Poir.,19,Forbs/Herbs
true forget-me-not,Myosotis scorpioides L.,578,Forbs/Herbs
woodland forget-me-not,Myosotis sylvatica Ehrh. ex Hoffmann,151,Forbs/Herbs
giant chickweed,Myosoton aquaticum (L.) Moench,331,Aquatic Plants
watermilfoil,Myriophyllum,16,Aquatic Plants
parrotfeather,Myriophyllum aquaticum (Vell.) Verdc.,671,Aquatic Plants
twoleaf watermilfoil,Myriophyllum heterophyllum Michx.,366,Aquatic Plants
Eurasian watermilfoil,Myriophyllum spicatum L.,978,Aquatic Plants
brittleleaf naiad,Najas minor All.,442,Aquatic Plants
sacred bamboo,Nandina domestica Thunb.,864,Shrub or Subshrub
matgrass,Nardus stricta L.,23,Grass or Grasslike
tropical needlegrass,Nassella manicata (Desv.) Barkworth,3,Grass or Grasslike
finestem needlegrass,Nassella tenuissima (Trin.) Barkworth,14,Grass or Grasslike
serrated tussock,Nassella trichotoma Hackel ex Arech.,0,Grass or Grasslike
onerow yellowcress,Nasturtium microphyllum Boenn. ex Rchb.,62,Forbs/Herbs
watercress,Nasturtium officinale R. Brown,1276,Aquatic Plants
American lotus,Nelumbo lutea Willd.,7,Aquatic Plants
perennial soybean,Neonotonia wightii (Wight & Arn.),4,Vines
catnip,Nepeta cataria L.,1366,Forbs/Herbs
Asian swordfern,Nephrolepis brownii (Desv.) Hovenkamp & Miyam.,30,Forbs/Herbs
narrow swordfern,Nephrolepis cordifolia (L.) C. Presl,52,Forbs/Herbs
fishtail swordfern,Nephrolepis falcata (Cav.) C. Christens.,13,Forbs/Herbs
oleander,Nerium oleander L.,150,Hardwood Trees
burmareed,Neyraudia reynaudiana (Kunth) Keng ex A.S. Hitchc.,15,Grass or Grasslike
apple-of-Peru,Nicandra physalodes (L.) Gaertn.,298,Forbs/Herbs
tree tobacco,Nicotiana glauca Graham,94,Hardwood Trees
Madagascar olive,Noronhia emarginata (Lam.) Hook,3,Shrub or Subshrub
slender false garlic,Nothoscordum gracile (Aiton) Stearn,10,Forbs/Herbs
fragrant waterlily,Nymphaea odorata Ait.,901,Aquatic Plants
crested floating heart,Nymphoides cristata (Roxb.) O. Ktze.,22,Aquatic Plants
yellow floating heart,Nymphoides peltata (S.G. Gmel.) Kuntze,104,Aquatic Plants
Java waterdropwort,Oenanthe javanica (Blume) DC.,17,Forbs/Herbs
redsepal evening-primrose,Oenothera glazioviana Micheli,76,Forbs/Herbs
cutleaf evening-primrose,Oenothera laciniata Hill,1381,Forbs/Herbs
olive,Olea europaea L.,32,Hardwood Trees
African olive,Olea europaea ssp. cuspidata (Wall. ex G. Don) Ciferri,4,Hardwood Trees
stinknet,Oncosiphon piluliferum (L. f.) Källersjö,18,Forbs/Herbs
foxtail restharrow,Ononis alopecuroides L.,1,Forbs/Herbs
Scotch thistle,Onopordum acanthium L.,435,Forbs/Herbs
Illyrian cottonthistle,Onopordum illyricum L.,3,Forbs/Herbs
bristle basketgrass,Oplismenus hirtellus (L.) Beauv.,11,Grass or Grasslike
wavyleaf basketgrass,Oplismenus undulatifolius (Ard.) Roem. & Schult.,89,Grass or Grasslike
tuna cactus,Opuntia ficus-indica (L.) P. Mill.,30,Cactus
nodding star-of-Bethlehem,Ornithogalum nutans L.,55,Forbs/Herbs
star-of-Bethlehem,Ornithogalum umbellatum L.,833,Forbs/Herbs
small broomrape,Orobanche minor Smith,58,Forbs/Herbs
holly osmanthus,Osmanthus heterophyllus (G. Don) P.S. Green,6,Shrub or Subshrub
stinking roger,Osteospermum calendulaceum L. f.,0,Forbs/Herbs
pink woodsorrel,Oxalis debilis var. corymbosa (DC.) Lourteig,85,Forbs/Herbs
buttercup oxalis,Oxalis pes-caprae L.,35,Forbs/Herbs
yellow woodsorrel,Oxalis stricta L.,1912,Forbs/Herbs
Cuban bulrush,Oxycaryum cubense (Poepp. & Kunth) Lye,52,Grass or Grasslike
bristletips,Oxyspora paniculata (D. Don) DC.,1,Shrub or Subshrub
Japanese pachysandra,Pachysandra terminalis Sieb. & Zucc.,88,Shrub or Subshrub
sewer vine,Paederia cruddasiana Prain,4,Vines
skunk-vine,Paederia foetida L.,45,Vines
blue panicum,Panicum antidotale Retz.,69,Grass or Grasslike
witchgrass,Panicum capillare L.,12,Grass or Grasslike
torpedograss,Panicum repens L.,151,Aquatic Plants
field poppy,Papaver dubium L.,6,Forbs/Herbs
plume albizia,Paraserianthes lophantha (Willd.) I. Nielsen,15,Hardwood Trees
yellow glandweed,Parentucellia viscosa (L.) Caruel,67,Forbs/Herbs
ragweed parthenium,Parthenium hysterophorus L.,195,Forbs/Herbs
Boston ivy,Parthenocissus tricuspidata (Sieb. & Zucc.) Planch.,82,Vines
sour paspalum,Paspalum conjugatum Berg.,70,Grass or Grasslike
dallisgrass,Paspalum dilatatum Poir.,784,Grass or Grasslike
Panama crowngrass,Paspalum fimbriatum Kunth,8,Grass or Grasslike
bahiagrass,Paspalum notatum Fluegge,437,Grass or Grasslike
tussock paspalum,Paspalum quadrifarium Lam.,6,Grass or Grasslike
ricegrass paspalum,Paspalum scrobiculatum Linnaeus,11,Grass or Grasslike
vaseygrass,Paspalum urvillei Steud.,500,Grass or Grasslike
seashore paspalum,Paspalum vaginatum Sw.,4,Grass or Grasslike
wingleaf passionflower,Passiflora bicornis P. Mill.,2,Vines
twoflower passionflower,Passiflora biflora Lam.,3,Vines
passionflower,Passiflora edulis Sims,36,Vines
redfruit passionflower,Passiflora foetida L.,38,Vines
golden bellapple,Passiflora laurifolia L.,4,Vines
sweet granadilla,Passiflora ligularis Juss.,4,Vines
corkystemmed passionflower,Passiflora suberosa L.,36,Vines
white passionflower,Passiflora subpeltata Ortega,4,Vines
banana poka,Passiflora tarminiana Coppens & V. E. Barney,6,Vines
banana passionflower,Passiflora tripartita var. mollissima (Kunth) Holm-Niesen & P.M. Jørg.,8,Vines
wild parsnip,Pastinaca sativa L.,1248,Forbs/Herbs
princesstree,Paulownia tomentosa (Thunb.) Sieb. & Zucc. ex Steud.,804,Hardwood Trees
spearleaf swampmallow,Pavonia hastata Cav.,6,Shrub or Subshrub
gingerbush,Pavonia spinifex (L.) Cav.,8,Shrub or Subshrub
African rue,Peganum harmala L.,55,Forbs/Herbs
fountaingrass,Pennisetum L.C. Rich. ex Pers,5,Grass or Grasslike
feathertop,Pennisetum villosum R. Br. ex Fresen.,10,Grass or Grasslike
evergreen bugloss,Pentaglottis sempervirens (L.) Tausch ex L.H. Bailey,5,Forbs/Herbs
perilla mint,Perilla frutescens (L.) Britton,749,Forbs/Herbs
avocado,Persea americana P. Mill.,15,Hardwood Trees
pinkhead smartweed,Persicaria capitata (Buch.-Ham. ex D. Don) Gross.,16,Shrub or Subshrub
denseflower knotweed,Persicaria glabra (Willd.) M. Gómez,211,Forbs/Herbs
pale smartweed,Persicaria lapathifolia (L.) S.F. Gray,1796,Forbs/Herbs
Oriental lady's thumb,Persicaria longiseta (Bruijn) Kitagawa,701,Forbs/Herbs
ladysthumb,Persicaria maculosa S.F. Gray,1776,Forbs/Herbs
princess-feather,Persicaria orientalis (L.) Spach,333,Forbs/Herbs
"mile-a-minute vine, Asiatic tearthumb",Persicaria perfoliata (L.) H. Gross,317,Vines
dotted smartweed,Persicaria punctata (Ell.) Small,1830,Forbs/Herbs
cultivated knotweed,Persicaria wallichii Greuter & Burdet,38,Forbs/Herbs
hairypink,Petrorhagia dubia (Raf.) G. López & Romo,67,Forbs/Herbs
parsley,Petroselinum crispum (P. Mill.) Nyman ex A.W. Hill,59,Forbs/Herbs
bulbous canarygrass,Phalaris aquatica L.,64,Grass or Grasslike
reed canarygrass,Phalaris arundinacea L.,1562,Aquatic Plants
canarygrass,Phalaris canariensis L.,389,Grass or Grasslike
littleseed canarygrass,Phalaris minor Retz.,66,Grass or Grasslike
Egyptian broomrape,Phelipanche aegyptiaca (Pers.) Pomel,0,Forbs/Herbs
Amur corktree,Phellodendron amurense Rupr.,107,Hardwood Trees
Japanese corktree,Phellodendron japonicum Maxim.,13,Hardwood Trees
Lavalle corktree,Phellodendron lavallei Dode,0,Hardwood Trees
mock orange,Philadelphus,2,Shrub or Subshrub
golden polypody,Phlebodium aureum (L.) J. Sm.,55,Forbs/Herbs
timothy,Phleum pratense L.,1752,Grass or Grasslike
Canary Island date palm,Phoenix canariensis hort. ex Chabaud,29,Palms
date palm,Phoenix dactylifera L.,20,Hardwood Trees
Senegal date palm,Phoenix reclinata Jacq.,25,Hardwood Trees
New Zealand flax,Phormium tenax J.R. & G. Forst.,3,Shrub or Subshrub
Oriental photinia,Photinia villosa (Thunb.) DC.,18,Shrub or Subshrub
common reed,Phragmites australis (Cavanilles) Trinius ex Steudel,810,Aquatic Plants
"European common reed, Phragmites",Phragmites australis ssp. australis (Cavanilles) Trinius ex Steudel,1366,Aquatic Plants
chamber bitter,Phyllanthus urinaria L.,220,Forbs/Herbs
golden bamboo,Phyllostachys aurea Carr. ex A.& C. Rivière,390,Grass or Grasslike
yellow groove bamboo,Phyllostachys aureosulcata McClure,41,Grass or Grasslike
black bamboo,Phyllostachys nigra (Lodd.) Munro,13,Grass or Grasslike
bamboo,Phyllostachys Sieb. & Zucc.,63,Grass or Grasslike
monarch fern,Phymatosorus scolopendria (Burm. f.) Copeland,2,Forbs/Herbs
Peruvian groundcherry,Physalis peruviana L.,12,Shrub or Subshrub
Virginia groundcherry,Physalis virginiana var. virginiana Mill.,929,Forbs/Herbs
common pokeweed,Phytolacca americana L.,1807,Forbs/Herbs
Norway spruce,Picea abies (L.) Karst.,181,Conifer Trees
hawkweed oxtongue,Picris hieracioides L.,77,Forbs/Herbs
artilleryweed,Pilea microphylla (L.) Liebm.,56,Forbs/Herbs
orange hawkweed,Pilosella aurantiaca (L.) F. W. Schultz & Sch. Bip.,631,Forbs/Herbs
queen-devil hawkweed,Pilosella glomerata (Froel.) Arv.-Touv.,7,Forbs/Herbs
mouse-eared hawkweed,Pilosella officinarum Vaillant,250,Forbs/Herbs
tall lodgepole pine,Pinus contorta var. latifolia Engelm. ex S. Watson,179,Conifer Trees
Coulter pine,Pinus coulteri D. Don,20,Conifer Trees
Honduras pine,Pinus elliottii var. elliottii Engelm.,234,Conifer Trees
Jeffrey pine,Pinus jeffreyi Grev. & Balf.,51,Conifer Trees
Austrian pine,Pinus nigra Arnold,25,Conifer Trees
maritime pine,"Pinus pinaster Soland., non Ait.",2,Conifer Trees
Italian stone pine,Pinus pinea L.,8,Conifer Trees
ponderosa pine,Pinus ponderosa P.& C. Lawson,338,Conifer Trees
Monterey pine,Pinus radiata D. Don,9,Conifer Trees
eastern white pine,Pinus strobus L.,815,Conifer Trees
Scots pine,Pinus sylvestris L.,294,Conifer Trees
Japanese black pine,Pinus thunbergii Parl.,16,Conifer Trees
smilograss,Piptatherum miliaceum (L.) Coss.,44,Grass or Grasslike
Chinese pistache,Pistacia chinensis Bunge,52,Hardwood Trees
water lettuce,Pistia stratiotes L.,288,Aquatic Plants
monkeypod,Pithecellobium dulce (Roxb.) Benth.,14,Hardwood Trees
Taiwanese cheesewood,Pittosporum pentandrum (Blanco) Merr.,4,Hardwood Trees
Australian cheesewood,Pittosporum undulatum Vent.,16,Hardwood Trees
Dixie silverback fern,Pityrogramma calomelanos (L.) Link,10,Forbs/Herbs
Mexican plantain,Plantago australis Lam.,7,Forbs/Herbs
buckhorn plantain,Plantago lanceolata L.,1975,Forbs/Herbs
broadleaf plantain,Plantago major L.,1358,Forbs/Herbs
elkhorn fern,Platycerium bifurcatum (Cav.) C. Chr.,4,Forbs/Herbs
petite-licorice,Plecostachys serpyllifolia (P.J.Bergius) Hilliard & B.L.Burtt,9,Forbs/Herbs
cure for all,Pluchea carolinensis (Jacq.) G. Don,12,Shrub or Subshrub
Indian camphorweed,Pluchea indica (L.) Less.,4,Shrub or Subshrub
annual bluegrass,Poa annua L.,1660,Grass or Grasslike
bulbous bluegrass,Poa bulbosa L.,449,Grass or Grasslike
Canada bluegrass,Poa compressa L.,1586,Grass or Grasslike
Kentucky bluegrass,Poa pratensis L.,1984,Grass or Grasslike
Kentucky bluegrass,Poa pratensis ssp. pratensis L.,154,Grass or Grasslike
roughstalk bluegrass,Poa trivialis L.,528,Grass or Grasslike
Poa trivialis trivialis L.,0,Grass or Grasslike,
fourleaf manyseed,Polycarpon tetraphyllum (L.) L.,89,Forbs/Herbs
myrtle-leaf milkwort,Polygala myrtifolia L.,0,Shrub or Subshrub
silversheath knotweed,Polygonum argyrocoleon Steud. Ex Kunze,57,Forbs/Herbs
prostrate knotweed,Polygonum aviculare L.,1210,Forbs/Herbs
knotweed,Polygonum L.,11,Forbs/Herbs
Oriental lady's thumb,Polygonum posumbu Buch.-Ham. ex D. Don,454,Forbs/Herbs
rabbitfoot polypogon,Polypogon monspeliensis (L.) Desf.,643,Grass or Grasslike
water-bent,Polypogon viridis (Gouan) Breistr.,145,Grass or Grasslike
common water hyacinth,Pontederia crassipes Martius,703,Aquatic Plants
white poplar,Populus alba L.,1050,Hardwood Trees
balsam poplar,Populus balsamifera L.,684,Hardwood Trees
eastern cottonwood,Populus deltoides Bartr. ex Marsh.,0,Hardwood Trees
bigtooth aspen,Populus grandidentata Michx.,2,Hardwood Trees
Lombardy poplar,Populus nigra L.,231,Hardwood Trees
European aspen,Populus tremula L.,2,Hardwood Trees
quaking aspen,Populus tremuloides Michx.,4,Hardwood Trees
gray poplar,Populus x canescens (Ait.) Sm. (pro sp.) [alba × tremula],91,Hardwood Trees
common purslane,Portulaca oleracea L.,1648,Forbs/Herbs
curly leaf pondweed,Potamogeton crispus L.,911,Aquatic Plants
false strawberry,Potentilla indica (Andr.) Wolf,829,Forbs/Herbs
sulfur cinquefoil,Potentilla recta L.,1580,Forbs/Herbs
canistel,Pouteria campechiana (Kunth) Baehni,2,Hardwood Trees
praxelis,Praxelis clematidea R.M. King & H. Rob.,15,Forbs/Herbs
kiawe,Prosopis pallida (Humb. & Bonpl. ex Willd.) Kunth,4,Hardwood Trees
common selfheal,Prunella vulgaris L.,2128,Forbs/Herbs
sweet cherry,Prunus avium (L.) L.,389,Hardwood Trees
cherry plum,Prunus cerasifera Ehrh.,83,Hardwood Trees
sour cherry,Prunus cerasus L.,178,Hardwood Trees
plum,Prunus domestica L.,101,Hardwood Trees
cherry laurel,Prunus laurocerasus L.,30,Hardwood Trees
Portugal laurel,Prunus lusitanica L.,12,Hardwood Trees
Mahaleb cherry,Prunus mahaleb L.,215,Hardwood Trees
European bird cherry,Prunus padus L.,45,Hardwood Trees
blackthorn,Prunus spinosa L.,29,Hardwood Trees
winter-flowering cherry,Prunus subhirtella Miq.,8,Hardwood Trees
weeping Higan cherry,Prunus subhirtella var. pendula Y. Tanaka,9,Hardwood Trees
dog's-tongue,Pseudelephantopus spicatus (Juss. ex Aubl.) C.F. Baker,17,Forbs/Herbs
Jersey cudweed,Pseudognaphalium luteoalbum (L.) Hilliard & Burtt,83,Forbs/Herbs
arrow bamboo,Pseudosasa japonica (Sieb. & Zucc. ex Steud.) Makino ex Nakai,36,Shrub or Subshrub
Douglas-fir,Pseudotsuga menziesii (Mirbel) Franco,322,Conifer Trees
strawberry guava,Psidium cattleianum Sabine,32,Shrub or Subshrub
guava,Psidium guajava L.,39,Shrub or Subshrub
giant brake,Pteris tripartita Sw.,16,Forbs/Herbs
ladder brake,Pteris vittata L.,72,Forbs/Herbs
ptychosperma,Ptychosperma elegans (R. Br.) Blume,5,Hardwood Trees
kudzu,Pueraria montana (Lour.)Merr.,280,Vines
kudzu,Pueraria montana var. lobata (Willd.) Maesen & S. Almeida,1156,Vines
Spanish false fleabane,Pulicaria paludosa Link,8,Forbs/Herbs
pomegranate,Punica granatum L.,101,Hardwood Trees
narrowleaf firethorn,Pyracantha angustifolia (Franch.) Schneid.,29,Shrub or Subshrub
scarlet firethorn,Pyracantha coccinea M. Roemer,103,Shrub or Subshrub
Nepalese firethorn,Pyracantha crenulata (D. Don) Roem.,4,Shrub or Subshrub
formosa firethorn,Pyracantha koidzumii (Hayata) Rehder,18,Shrub or Subshrub
firethorn,Pyracantha L.,8,Shrub or Subshrub
birch-leaf pear,Pyrus betulifolia Bunge,0,Hardwood Trees
Callery pear (Bradford pear),Pyrus calleryana Decne.,1055,Hardwood Trees
common pear,Pyrus communis L.,555,Hardwood Trees
sawtooth oak,Quercus acutissima Carruthers,87,Hardwood Trees
English oak,Quercus robur L.,38,Hardwood Trees
Rangoon creeper,Quisqualis indica L.,5,Vines
tall buttercup,Ranunculus acris L.,714,Forbs/Herbs
showy buttercup,Ranunculus acris var. acris L.,0,Forbs/Herbs
corn buttercup,Ranunculus arvensis L.,4,Forbs/Herbs
bulbous buttercup,Ranunculus bulbosus L.,512,Forbs/Herbs
greater creeping spearwort,Ranunculus flammula var. filiformis (Michx.) Hook.,0,Forbs/Herbs
creeping buttercup,Ranunculus repens L.,616,Forbs/Herbs
hairy buttercup,Ranunculus sardous Crantz,28,Forbs/Herbs
wild radish,Raphanus raphanistrum L.,577,Forbs/Herbs
radish,Raphanus sativus L.,372,Forbs/Herbs
turnipweed,Rapistrum rugosum (L.) All.,81,Forbs/Herbs
white mignonette,Reseda alba L.,39,Forbs/Herbs
bridal broom,Retama monosperma (L.) Boiss.,3,Shrub or Subshrub
Japanese knotweed,Reynoutria japonica Sieb. & Zucc.,1248,Forbs/Herbs
giant knotweed,Reynoutria sachalinensis F. Schmidt ex Maxim.,320,Forbs/Herbs
"Bohemian knotweed, Hybrid Japanese knotweed",Reynoutria x bohemica Chrtek & Chrtková,210,Forbs/Herbs
Italian buckthorn,Rhamnus alaternus L.,0,
"common buckthorn, European buckthorn",Rhamnus cathartica L.,725,Shrub or Subshrub
frozen green buckthorn,Rhamnus utilis Dcne.,2,Shrub or Subshrub
Russian knapweed,Rhaponticum repens (L.) Hidalgo,553,Forbs/Herbs
red mangrove,Rhizophora mangle L.,38,Hardwood Trees
rose myrtle,Rhodomyrtus tomentosa (Ait.) Hassk.,20,Hardwood Trees
jetbead,Rhodotypos scandens (Thunb.) Makino,154,Shrub or Subshrub
smooth sumac,Rhus glabra L.,10,Hardwood Trees
staghorn sumac,Rhus typhina L.,10,Shrub or Subshrub
anglestem beaksedge,Rhynchospora caduca Ell.,263,Grass or Grasslike
cultivated currant,Ribes rubrum L.,272,Shrub or Subshrub
largeflower Mexican clover,Richardia grandiflora (Cham. & Schlecht.) J.A. & J.H. Schultes,28,Forbs/Herbs
castorbean,Ricinus communis L.,449,Shrub or Subshrub
bristly locust,Robinia hispida L.,666,Hardwood Trees
black locust,Robinia pseudoacacia L.,1903,Hardwood Trees
rosy sandcrocus,Romulea rosea var. australis (Ewart) de Vos,10,Forbs/Herbs
amphibious yellowcress,Rorippa amphibia (L.) Besser,7,Aquatic Plants
Austrian fieldcress,Rorippa austriaca (Crantz) Bess.,55,Forbs/Herbs
yellow fieldcress,Rorippa sylvestris (L.) Bess.,456,Aquatic Plants
Macartney rose,Rosa bracteata J.C. Wendl.,183,Shrub or Subshrub
dog rose,Rosa canina L.,249,Shrub or Subshrub
cinnamon rose,Rosa cinnamomea L.,78,Shrub or Subshrub
French rose,Rosa gallica L.,89,Shrub or Subshrub
Cherokee rose,Rosa laevigata Michx.,114,Shrub or Subshrub
memorial rose,Rosa lucieae Franch. & Rochebr. ex Crép.,169,Shrub or Subshrub
smallflower sweetbrier,Rosa micrantha Borrer ex Sm.,96,Shrub or Subshrub
multiflora rose,Rosa multiflora Thunb.,1615,Shrub or Subshrub
sweetbriar,Rosa rubiginosa L.,466,Shrub or Subshrub
Seaside rose,Rosa rugosa Thunb.,152,Shrub or Subshrub
Scottish rose,Rosa spinosissima L.,51,Shrub or Subshrub
damask rose,Rosa x damascena P. Mill. [gallica × moschata],13,Shrub or Subshrub
roundleaf toothcup,Rotala rotundifolia (Buch.-Ham. ex Roxb.) Koehne,7,Aquatic Plants
itchgrass,Rottboellia cochinchinensis (Lour.) W.D. Clayton,101,Grass or Grasslike
highbush blackberry,Rubus argutus Link,733,Shrub or Subshrub
Himalayan blackberry,Rubus armeniacus Focke,250,Shrub or Subshrub
Himalayan blackberry,Rubus bifrons Vest ex Tratt.,168,Shrub or Subshrub
yellow Himalayan raspberry,Rubus ellipticus Sm.,2,Shrub or Subshrub
European red raspberry,Rubus idaeus L.,766,Shrub or Subshrub
strawberry raspberry,Rubus illecebrosus Focke,26,Shrub or Subshrub
"cane fruit (blackberry, raspberry)",Rubus L.,17,Shrub or Subshrub
cutleaf blackberry,Rubus laciniatus Willd.,213,Vines
largeleaf blackberry,Rubus macrophyllus Weihe & Nees,10,Shrub or Subshrub
snowpeaks raspberry,Rubus niveus Thunb.,4,Shrub or Subshrub
wine raspberry,Rubus phoenicolasius Maxim.,343,Shrub or Subshrub
West Indian raspberry,Rubus rosifolius Sm.,4,Shrub or Subshrub
palmleaf dewberry,Rubus sieboldii Blume,1,Shrub or Subshrub
elmleaf blackberry,Rubus ulmifolius Schott,19,Vines
European blackberry,Rubus vestitus Weihe & Nees,7,Shrub or Subshrub
Browne's blechum,Ruellia blechum L.,35,Forbs/Herbs
Britton's wild petunia,Ruellia simplex C. Wright,89,Shrub or Subshrub
red sorrel,Rumex acetosella L.,1757,Forbs/Herbs
curly dock,Rumex crispus L.,2404,Forbs/Herbs
curly dock,Rumex crispus ssp. crispus L.,2196,Forbs/Herbs
broadleaf dock,Rumex obtusifolius L.,912,Forbs/Herbs
devil's thorn,Rumex spinosus (Linnaeus) Campdera,10,Forbs/Herbs
narrowleaf dock,Rumex stenophyllus Ledeb.,278,Forbs/Herbs
Tasmanian wallaby grass,Rytidosperma biannulare (Zotov) Connor & Edgar,7,Grass or Grasslike
tufted wallaby grass,Rytidosperma caespitosum (Gaudich.) Connor & Edgar,2,Grass or Grasslike
hairy wallaby grass,Rytidosperma penicillatum (Labill.) Connor & Edgar,18,Grass or Grasslike
ravennagrass,Saccharum ravennae L.,110,Grass or Grasslike
glenwoodgrass,Sacciolepis indica (L.) Chase,69,Grass or Grasslike
birdseye pearlwort,Sagina procumbens L.,219,Forbs/Herbs
grassy arrowhead,Sagittaria graminea Michx.,561,Forbs/Herbs
white willow,Salix alba L.,599,Hardwood Trees
white willow,Salix alba ssp. alba,1,Hardwood Trees
weeping willow,Salix babylonica L.,206,Hardwood Trees
goat willow,Salix caprea L.,47,Shrub or Subshrub
large gray willow,Salix cinerea L.,80,Hardwood Trees
crack willow,Salix fragilis L.,583,Aquatic Plants
willow,Salix L.,23,Hardwood Trees
corkscrew willow,Salix matsudana Koidzumi,14,Shrub or Subshrub
laurel willow,Salix pentandra L.,145,Hardwood Trees
purpleosier willow,Salix purpurea L.,213,Shrub or Subshrub
osier,Salix viminalis L.,19,Hardwood Trees
Wisconsin weeping willow,Salix x pendulina Wenderoth [babylonica × fragilis],164,Hardwood Trees
weeping willow,Salix x sepulcralis Simonkai [alba × babylonica],153,Hardwood Trees
lily of the valley vine,Salpichroa origanifolia (Lam.) Thell.,12,Forbs/Herbs
slender Russian thistle,Salsola collina Pallas,219,Forbs/Herbs
common saltwort,Salsola kali L.,238,Forbs/Herbs
barbwire Russian-thistle,Salsola paulsenii Litv.,57,Forbs/Herbs
prickly Russian thistle,Salsola ryanii Hrusa & Gaskin,3,Forbs/Herbs
oppositeleaf Russian thistle,Salsola soda L.,9,Forbs/Herbs
Russian thistle,Salsola tragus L.,1131,Forbs/Herbs
Mediterranean sage,Salvia aethiopis L.,49,Forbs/Herbs
sticky sage,Salvia glutinosa L.,3,Forbs/Herbs
meadow sage,Salvia pratensis L.,7,Forbs/Herbs
Europe sage,Salvia sclarea L.,9,Forbs/Herbs
water fern,Salvinia minima Baker,144,Aquatic Plants
giant salvinia,Salvinia molesta D. S. Mitchell,113,Aquatic Plants
raintree,Samanea saman (Jacq.) Merr.,4,Hardwood Trees
iguanatail,Sansevieria hyacinthoides (L.) Druce,25,Forbs/Herbs
bouncingbet,Saponaria officinalis L.,1652,Forbs/Herbs
mourningbride,Scabiosa atropurpurea L.,35,Forbs/Herbs
beach naupaka,Scaevola taccada Vahl,25,Shrub or Subshrub
octopus tree,Schefflera actinophylla (Endl.) H.A.T. Harms,26,Hardwood Trees
Peruvian peppertree,Schinus molle L.,135,Hardwood Trees
Brazilian peppertree,Schinus terebinthifolia Raddi,71,Hardwood Trees
Arabian schismus,Schismus arabicus Nees,45,Grass or Grasslike
common mediterraneangrass,Schismus barbatus (Loefl. ex L.) Thellung,42,Grass or Grasslike
Colombian bluestem,Schizachyrium condensatum (Kunth) Nees,4,Grass or Grasslike
ricefield bulrush,Schoenoplectiella mucronata (L.) J. Jung & H. K. Choi,34,Grass or Grasslike
squill,Scilla siberica Haw.,131,Forbs/Herbs
Eggers' nutrush,Scleria eggersiana Boeckeler,2,Grass or Grasslike
lakeshore nutrush,Scleria lacustris C. Wright,18,Grass or Grasslike
tropical nutrush,Scleria microcarpa Nees ex Kunth,7,Grass or Grasslike
common goldenthistle,Scolymus hispanicus L.,4,Forbs/Herbs
cereal rye,Secale cereale L.,496,Grass or Grasslike
chayote,Sechium edule (Jacq.) Sw.,9,Vines
purple crown-vetch,Securigera varia (L.) Lassen,1228,Forbs/Herbs
stringy stonecrop,Sedum sarmentosum Bunge,54,Forbs/Herbs
princess of the night,Selenicereus pteranthus (Link ex A. Dietr.) Britton & Rose,6,Shrub or Subshrub
redpurple ragwort,Senecio elegans L.,3,Forbs/Herbs
cutleaf burnweed,Senecio glomeratus Des. ex Poir.,11,Forbs/Herbs
fireweed groundsel,Senecio linearifolius A.Rich.,2,Forbs/Herbs
Australian burnweed,Senecio minimus Poir.,28,Forbs/Herbs
woodland groundsel,Senecio sylvaticus L.,85,Forbs/Herbs
common groundsel,Senecio vulgaris L.,663,Forbs/Herbs
sicklepod,Senna obtusifolia (L.) Irwin & Barneby,495,Forbs/Herbs
coffee senna,Senna occidentalis (L.) Link,197,Forbs/Herbs
valamuerto,Senna pendula (Humb. & Bonpl. ex Willd.) Irwin & Barneby,25,Vines
valamuerto,Senna pendula var. advena (Vogel) Irwin & Barneby,5,Vines
valamuerto,Senna pendula var. glabrata (Vogel) Irwin & Barneby,28,Vines
hedionda macho,Senna septemtrionalis (Viviani) Irwin & Barneby,4,Hardwood Trees
glossy shower,Senna surattensis (Burm. f.) Irwin & Barneby,5,Hardwood Trees
bigpod sesbania,Sesbania herbacea (P. Mill.) McVaugh,277,Forbs/Herbs
red sesbania,Sesbania punicea (Cav.) Benth.,250,Shrub or Subshrub
bagpod,Sesbania vesicaria (Jacq.) Ell.,239,Forbs/Herbs
giant foxtail,Setaria faberi Herrm.,1082,Grass or Grasslike
foxtail millet,Setaria italica (L.) Beauv.,351,Grass or Grasslike
palmgrass,Setaria palmifolia (Koenig) Stapf,9,Grass or Grasslike
knotroot foxtail,Setaria parviflora (Poir.) Kerguélen,1009,Grass or Grasslike
yellow foxtail,Setaria pumila (Poir.) Roemer & J.A. Schultes,1788,Grass or Grasslike
yellow foxtail,Setaria pumila ssp. pumila (Poir.) Roem. & Schult.,63,Grass or Grasslike
bristly foxtail,Setaria verticillata (L.) Beauv.,466,Grass or Grasslike
green foxtail,Setaria viridis (L.) Beauv.,1822,Grass or Grasslike
green bristlegrass,Setaria viridis var. viridis (L.) P. Beauv.,1664,Grass or Grasslike
field madder,Sherardia arvensis L.,594,Forbs/Herbs
sida,Sida planicaulis Cav.,3,Forbs/Herbs
common St. Paul's wort,Sigesbeckia orientalis L.,6,Forbs/Herbs
rose campion,Silene coronaria (L.) Clairv.,40,Forbs/Herbs
meadow campion,Silene flos-cuculi (L.) Clairv.,102,Forbs/Herbs
English catchfly,Silene gallica L.,153,Forbs/Herbs
white campion,Silene latifolia Poir.,1189,Forbs/Herbs
white cockle,Silene latifolia ssp. alba (Mill.) Greuter & Burdet,922,Forbs/Herbs
nightflowering catchfly,Silene noctiflora L.,422,Forbs/Herbs
bladder campion,Silene vulgaris (Moench) Garcke,731,Forbs/Herbs
cup rosinweed,Silphium perfoliatum L.,622,Forbs/Herbs
"blessed milkthistle, milk thistle",Silybum marianum (L.) Gaertn.,174,Forbs/Herbs
wild mustard,Sinapis arvensis L.,1032,Forbs/Herbs
tumble mustard,Sisymbrium altissimum L.,1141,Forbs/Herbs
London rocket,Sisymbrium irio L.,154,Forbs/Herbs
hedge mustard,Sisymbrium officinale (L.) Scop.,1116,Forbs/Herbs
oriental mustard,Sisymbrium orientale L.,39,Forbs/Herbs
American black nightshade,Solanum americanum P. Mill.,170,Shrub or Subshrub
New Zealand nightshade,Solanum aviculare G. Forst.,14,Shrub or Subshrub
horsenettle,Solanum carolinense L.,1399,Forbs/Herbs
twoleaf nightshade,Solanum diphyllum L.,30,Forbs/Herbs
bittersweet nightshade,Solanum dulcamara L.,983,Vines
climbing nightshade,Solanum dulcamara var. dulcamara L.,63,Shrub or Subshrub
silverleaf nightshade,Solanum elaeagnifolium Cavanaugh,515,Forbs/Herbs
nightshade,Solanum L.,4,Forbs/Herbs
purple African nightshade,Solanum marginatum L. f.,12,Shrub or Subshrub
black nightshade,Solanum nigrum L.,139,Shrub or Subshrub
hairy nightshade,Solanum physalifolium Rusby,281,Forbs/Herbs
currant tomato,Solanum pimpinellifolium Jusl.,4,Forbs/Herbs
Jerusalem-cherry,Solanum pseudocapsicum L.,61,Shrub or Subshrub
buffalobur,Solanum rostratum Dunal,218,Forbs/Herbs
Brazilian nightshade,Solanum seaforthianum Andr.,22,Vines
wetland nightshade,Solanum tampicense Dunal,18,Vines
turkeyberry,Solanum torvum Sw.,19,Forbs/Herbs
cutleaf nightshade,Solanum triflorum Nutt.,351,Forbs/Herbs
tropical soda apple,Solanum viarum Dunal,216,Shrub or Subshrub
Canada goldenrod,Solidago canadensis var. scabra Torr. & Gray,0,Forbs/Herbs
lawn burweed,Soliva sessilis Ruiz & Pavón,191,Forbs/Herbs
perennial sowthistle,Sonchus arvensis L.,1056,Forbs/Herbs
field sowthistle,Sonchus arvensis ssp. arvensis L.,299,Forbs/Herbs
moist sowthistle,Sonchus arvensis ssp. uliginosus (M. Bieb.) Nyman,336,Forbs/Herbs
spiny sowthistle,Sonchus asper (L.) Hill,1903,Forbs/Herbs
sowthistle,Sonchus L.,40,Forbs/Herbs
annual sowthistle,Sonchus oleraceus L.,1389,Forbs/Herbs
false spiraea,Sorbaria sorbifolia (L.) A. Braun,202,Shrub or Subshrub
European mountain-ash,Sorbus aucuparia L.,269,Hardwood Trees
sorghum (type unspecified),Sorghum bicolor (L.) Moench,613,Grass or Grasslike
sudangrass,Sorghum bicolor ssp. drummondii (Nees ex Steud.) de Wet & Harlan,57,Grass or Grasslike
johnsongrass,Sorghum halepense (L.) Pers.,1828,Grass or Grasslike
smooth cordgrass,Spartina alterniflora Loisel.,177,Grass or Grasslike
common cordgrass,Spartina anglica C.E. Hubbard,12,Grass or Grasslike
denseflower cordgrass,Spartina densiflora Brongn.,17,Grass or Grasslike
cordgrass hybrid,Spartina foliosa x alterniflora,2,Grass or Grasslike
saltmeadow cordgrass,Spartina patens (Ait.) Muhl.,183,Grass or Grasslike
Spanish broom,Spartium junceum L.,73,Shrub or Subshrub
African tuliptree,Spathodea campanulata Beauv.,10,Hardwood Trees
Philippine ground orchid,Spathoglottis plicata Blume,8,Forbs/Herbs
corn spurry,Spergula arvensis L.,363,Forbs/Herbs
Morison's spurry,Spergula morisonii Boreau,4,Forbs/Herbs
shrubby false buttonweed,Spermacoce verticillata L.,28,Shrub or Subshrub
swainsonpea,Sphaerophysa salsula (Pallas) DC.,79,Shrub or Subshrub
Bay Biscayne creeping-oxeye,Sphagneticola trilobata (L.C. Rich.) Pruski,54,Forbs/Herbs
Japanese spiraea,Spiraea japonica L. f.,211,Shrub or Subshrub
fortune meadowsweet,Spiraea japonica var. fortunei (Planch.) Rehder,94,Shrub or Subshrub
bridalwreath spiraea,Spiraea prunifolia Sieb. & Zucc.,134,Shrub or Subshrub
Thunberg's meadowsweet,Spiraea thunbergii Sieb. ex Blume,43,Shrub or Subshrub
purple mombin,Spondias purpurea L.,2,Hardwood Trees
tussock dropseed,Sporobolus diandrus (Retz.) P. Beauv.,19,Grass or Grasslike
smutgrass,Sporobolus indicus (L.) R. Br.,527,Grass or Grasslike
rat-tail grass,Sporobolus indicus var. capensis Engelm.,4,Grass or Grasslike
West Indian dropseed,Sporobolus indicus var. pyramidalis (P. Beauv.) Veldkamp,0,Grass or Grasslike
fieldnettle betony,Stachys arvensis (L.) L.,28,Forbs/Herbs
Florida betony,Stachys floridana Shuttlw. ex Benth.,193,Forbs/Herbs
cayenne porterweed,Stachytarpheta cayennensis (Rich.) Vahl,13,Forbs/Herbs
Jamaica vervain,Stachytarpheta jamaicensis (L.) Vahl,20,Forbs/Herbs
nettleleaf velvetberry,Stachytarpheta urticifolia Sims,7,Shrub or Subshrub
little starwort,Stellaria graminea L.,494,Forbs/Herbs
common chickweed,Stellaria media (L.) Vill.,1918,Forbs/Herbs
common chickweed,Stellaria media ssp. media (L.) Vill.,0,Forbs/Herbs
common chickweed,Stellaria pallida (Dumort.) Crépin,1838,Forbs/Herbs
St. Augustinegrass,Stenotaphrum secundatum (Walt.) Kuntze,196,Grass or Grasslike
Mediterranean needlegrass,Stipa capensis Thunb.,2,Grass or Grasslike
witchweed,Striga asiatica (L.) Kuntze,18,Forbs/Herbs
African mustard,Strigosella africana (L.) Botsch.,98,Forbs/Herbs
Japanese pagoda tree,Styphnolobium japonicum (L.) Schott,5,Hardwood Trees
queen palm,Syagrus romanzoffiana (Cham.) Glassman,32,Hardwood Trees
common comfrey,Symphytum officinale L.,280,Forbs/Herbs
nodeweed,Synedrella nodiflora (L.) Gaertn.,9,Forbs/Herbs
American evergreen,Syngonium podophyllum Schott,36,Vines
common lilac,Syringa vulgaris L.,352,Shrub or Subshrub
Java plum,Syzygium cumini (L.) Skeels,25,Hardwood Trees
Malabar plum,Syzygium jambos (L.) Alston,16,Hardwood Trees
white cedar,Tabebuia heterophylla (DC.) Britt.,5,Hardwood Trees
medusahead,Taeniatherum caput-medusae (L.) Nevski,144,Grass or Grasslike
wild marigold,Tagetes minuta L.,87,Forbs/Herbs
sea hibiscus,Talipariti tiliaceum var. tiliaceum L.,18,Shrub or Subshrub
African tamarisk,Tamarix africana Poir.,10,Hardwood Trees
Athel tamarisk,Tamarix aphylla (L.) Karst.,58,Hardwood Trees
fivestamen tamarisk,Tamarix chinensis Lour.,463,Hardwood Trees
French tamarisk,Tamarix gallica L.,91,Shrub or Subshrub
smallflower tamarisk,Tamarix parviflora DC.,151,Hardwood Trees
saltcedar,Tamarix ramosissima Ledeb.,500,Hardwood Trees
common tansy,Tanacetum vulgare L.,1036,Forbs/Herbs
rock dandelion,Taraxacum erythrospermum Andrz. ex Besser,750,Forbs/Herbs
dandelion,Taraxacum officinale G.H. Weber ex Wiggers,2394,Forbs/Herbs
Japanese yew,Taxus cuspidata Sieb. & Zucc.,27,Conifer Trees
incised halberd fern,Tectaria incisa Cav.,8,Forbs/Herbs
tropical almond,Terminalia catappa L.,17,Shrub or Subshrub
Australian almond,Terminalia muelleri Benth.,9,Hardwood Trees
East Indian almond,Terminalia myriocarpa van Heurck & Muell.-Arg.,4,Hardwood Trees
bee-bee tree,Tetradium daniellii (Benn.) T.G. Hartley,8,Shrub or Subshrub
New Zealand spinach,Tetragonia tetragonioides (Pallas) Kuntze,36,Shrub or Subshrub
jeweled maiden fern,Thelypteris opulenta (Kaulf.) Fosberg,0,Forbs/Herbs
portia tree,Thespesia populnea (L.) Soland. ex Correa,21,Hardwood Trees
intermediate wheatgrass,Thinopyrum intermedium (Host) Barkworth & D.R. Dewey,322,Grass or Grasslike
Russian wheatgrass,Thinopyrum junceiforme (A. Löve & D. Löve) A. Löve,0,Grass or Grasslike
tall wheatgrass,Thinopyrum ponticum (Podp.) Z.-W. Liu & R.-C. Wang,254,Grass or Grasslike
roadside pennycress,Thlaspi alliaceum L.,4,Forbs/Herbs
field pennycress,Thlaspi arvense L.,1429,Forbs/Herbs
blackeyed Susan vine,Thunbergia alata Bojer ex Sims,39,Vines
Bengal trumpet,Thunbergia grandiflora Roxb.,7,Vines
laurel clockvine,Thunbergia laurifolia Lindl.,4,Vines
spurge flax,Thymelaea passerina (L.) Coss. & Germ.,13,Forbs/Herbs
mother of thyme,Thymus praecox Opiz,0,Forbs/Herbs
herbaceous glorytree,Tibouchina herbacea (DC.) Cogn.,3,Shrub or Subshrub
princess-flower,Tibouchina urvilleana (DC.) Cogn.,13,Hardwood Trees
tree marigold,Tithonia diversifolia (Hemsl.) Gray,15,Forbs/Herbs
Australian redcedar,Toona ciliata Roemer,4,Hardwood Trees
spreading hedgeparsley,Torilis arvensis (Huds.) Link,698,Forbs/Herbs
spreading hedgeparsley,Torilis arvensis ssp. arvensis (Huds.) Link,588,Forbs/Herbs
"Japanese hedge-parsley, erect hedgeparsley",Torilis japonica (Houtt.) DC.,303,Forbs/Herbs
eastern poison-ivy,Toxicodendron radicans (L.)Kuntze,1659,Vines
white-flowered spiderwort,Tradescantia fluminensis Vell.,67,Forbs/Herbs
boatlily,Tradescantia spathacea Sw.,25,Forbs/Herbs
inchplant,Tradescantia zebrina hort. ex Bosse,24,Forbs/Herbs
western salsify,Tragopogon dubius Scop.,1493,Forbs/Herbs
meadow salsify,Tragopogon lamottei L.,638,Forbs/Herbs
common salsify,Tragopogon porrifolius L.,481,Forbs/Herbs
two-horned trapa,Trapa bispinosa var. iinumai Nakano,17,Forbs/Herbs
water chestnut,Trapa L.,6,Aquatic Plants
European water chestnut,Trapa natans L.,122,Aquatic Plants
oriental trema,Trema orientalis (L.) Blume,7,Hardwood Trees
Chinese tallowtree,Triadica sebifera (L.) Small,531,Hardwood Trees
Jamaica feverplant,Tribulus cistoides L.,31,Vines
puncturevine,Tribulus terrestris L.,864,Vines
rabbitfoot clover,Trifolium arvense L.,841,Forbs/Herbs
hop clover,Trifolium aureum Pollich,575,Forbs/Herbs
large hop clover,Trifolium campestre Schreb.,1394,Forbs/Herbs
small hop clover,Trifolium dubium Sibthorp,744,Forbs/Herbs
rose clover,Trifolium hirtum All.,57,Forbs/Herbs
alsike clover,Trifolium hybridum L.,1335,Forbs/Herbs
crimson clover,Trifolium incarnatum L.,502,Forbs/Herbs
red clover,Trifolium pratense L.,2327,Forbs/Herbs
white clover,Trifolium repens L.,2538,Forbs/Herbs
Persian clover,Trifolium resupinatum L.,16,Forbs/Herbs
subterranean clover,Trifolium subterraneum L.,27,Forbs/Herbs
ravennagrass,Tripidium ravennae (L.) H. Scholz,20,Grass or Grasslike
"mayweed, scentless chamomile",Tripleurospermum inodorum (L.) Sch. Bip.,330,Forbs/Herbs
false mayweed,Tripleurospermum maritimum (L.) W.D.J. Koch,1,Forbs/Herbs
Sacramento burrbark,Triumfetta semitriloba Jacq.,18,Shrub or Subshrub
coltsfoot,Tussilago farfara L.,527,Forbs/Herbs
narrow-leaved cattail,Typha angustifolia L.,1004,Aquatic Plants
common cattail,Typha latifolia L.,382,Forbs/Herbs
hybrid cattail,Typha x glauca Godr. [angustifolia x latifolia],183,Aquatic Plants
"gorse, common gorse",Ulex europaeus L.,72,Shrub or Subshrub
Chinese elm,Ulmus parvifolia Jacq.,98,Hardwood Trees
English elm,Ulmus procera Salisb.,55,Hardwood Trees
Siberian elm,Ulmus pumila L.,882,Hardwood Trees
Asian kelp,Undaria pinnatifida (Harvey) Suringar,7,Aquatic Plants
Caesarweed,Urena lobata L.,53,Forbs/Herbs
tropical signalgrass,Urochloa distachyos (L.) T.Q.Nguyen,29,Grass or Grasslike
paragrass,Urochloa mutica (Forsk.) T.Q. Nguyen,75,Grass or Grasslike
stinging nettle,Urtica dioica L.,1501,Forbs/Herbs
European stinging nettle,Urtica dioica ssp. dioica L.,62,Forbs/Herbs
floating bladderwort,Utricularia inflata Walter,9,Forbs/Herbs
common valerian,Valeriana officinalis L.,254,Forbs/Herbs
ventenata,Ventenata dubia (Leers) Coss. & Durieu,89,Grass or Grasslike
moth mullein,Verbascum blattaria L.,1309,Forbs/Herbs
common mullein,Verbascum thapsus L.,2349,Forbs/Herbs
tall vervain,Verbena bonariensis L.,262,Forbs/Herbs
purpletop vervain,Verbena incompta P. W. Michael,428,Forbs/Herbs
Uruguayan vervain,Verbena montevidensis Spreng.,430,Forbs/Herbs
crownbeard,Verbesina encelioides (Cav.) Benth. & Hook. f. ex Gray,346,Forbs/Herbs
tungoil tree,Vernicia fordii (Hemsl.) Airy-Shaw,99,Hardwood Trees
water speedwell,Veronica anagallis-aquatica L.,936,Forbs/Herbs
corn speedwell,Veronica arvensis L.,1614,Forbs/Herbs
European speedwell,Veronica beccabunga L.,75,Forbs/Herbs
twolobe speedwell,Veronica biloba L.,96,Forbs/Herbs
germander speedwell,Veronica chamaedrys L.,153,Forbs/Herbs
slender speedwell,Veronica filiformis Sm.,14,Forbs/Herbs
ivyleaf speedwell,Veronica hederifolia L.,301,Forbs/Herbs
longleaf speedwell,Veronica longifolia L.,114,Forbs/Herbs
common gypsyweed,Veronica officinalis var. officinalis L.,0,Forbs/Herbs
Persian speedwell,Veronica persica Poir.,230,Forbs/Herbs
wayside speedwell,Veronica polita Fr.,17,Forbs/Herbs
thymeleaf speedwell,Veronica serpyllifolia L.,1022,Forbs/Herbs
thymeleaf speedwell,Veronica serpyllifolia ssp. serpyllifolia L.,526,Forbs/Herbs
linden viburnum,Viburnum dilatatum Thunb.,54,Shrub or Subshrub
wayfaringtree,Viburnum lantana L.,103,Hardwood Trees
European cranberrybush,Viburnum opulus L.,587,Hardwood Trees
"cranberry viburnum, European highbush cranberry",Viburnum opulus ssp. opulus Linnaeus,265,Shrub or Subshrub
Japanese snowball,Viburnum plicatum Thunb.,53,Shrub or Subshrub
doublefile viburnum,Viburnum plicatum tomentosum Miq.,13,Shrub or Subshrub
tea viburnum,Viburnum setigerum Hance,14,Shrub or Subshrub
Siebold's arrowwood,Viburnum sieboldii Miq.,51,Hardwood Trees
laurustinus,Viburnum tinus L.,5,Shrub or Subshrub
bird vetch,Vicia cracca L.,458,Vines
bird vetch,Vicia cracca ssp. cracca L.,58,Forbs/Herbs
large yellow vetch,Vicia grandiflora Scop.,10,Vines
tiny vetch,Vicia hirsuta (L.) S.F. Gray,13,Vines
vetch,Vicia L.,2,Vines
common vetch,Vicia sativa Linnaeus,1204,Forbs/Herbs
garden vetch,Vicia sativa ssp. nigra (L.) Ehrh.,676,Vines
garden vetch,Vicia sativa ssp. sativa L.,23,Forbs/Herbs
bush vetch,Vicia sepium var. sepium L.,0,Forbs/Herbs
sparrow vetch,Vicia tetrasperma (L.) Schreb.,250,Vines
hairy vetch,Vicia villosa Roth,1735,Vines
winter vetch,Vicia villosa ssp. varia (Host) Corb.,30,Vines
winter vetch,Vicia villosa ssp. villosa Roth,27,Forbs/Herbs
big periwinkle,Vinca major L.,501,Vines
common periwinkle,Vinca minor L.,950,Forbs/Herbs
white swallowwort,Vincetoxicum hirundinaria Medik.,8,Vines
exotic swallowwort,Vincetoxicum L.,58,Vines
"black dog-strangling vine, black swallowwort",Vincetoxicum nigrum (L.) Moench,321,Vines
"dog-strangling vine, European swallowwort, pale swallow-wort",Vincetoxicum rossicum (Kleopov) Barbarich,112,Vines
English violet,Viola odorata L.,98,Forbs/Herbs
lilac chastetree,Vitex agnus-castus L.,157,Shrub or Subshrub
beach vitex,Vitex rotundifolia L. f.,31,Shrub or Subshrub
simpleleaf chastetree,Vitex trifolia L.,23,Vines
grape,Vitis L.,3,Vines
wine grape,Vitis vinifera L.,39,Vines
Egyptian knapweed,Volutaria tubuliflora (Murb.),0,Forbs/Herbs
squirreltail fescue,Vulpia bromoides (L.) S.F. Gray,196,Grass or Grasslike
rattail fescue,Vulpia myuros (L.) K.C. Gmel.,504,Grass or Grasslike
Washington fan palm,Washingtonia robusta H. Wendl.,40,Hardwood Trees
cape bugle-lily,Watsonia borbonica (Pourret) Goldblatt,2,Forbs/Herbs
bulbil bugle-lily,Watsonia meriana (L.) P. Mill.,11,Forbs/Herbs
Japanese wisteria,Wisteria floribunda (Willd.) DC.,195,Vines
Chinese wisteria,Wisteria sinensis (Sims) DC.,620,Vines
Wisteria floribunda x sinensis hybrid,Wisteria x formosa [floribunda x sinensis],29,Vines
spiny cocklebur,Xanthium spinosum L.,249,Forbs/Herbs
arrowleaf elephant's ear,Xanthosoma sagittifolium (L.) Schott,50,Forbs/Herbs
Asiatic hawksbeard,Youngia japonica (L.) DC.,254,Forbs/Herbs
calla lily,Zantedeschia aethiopica (L.) Spreng.,44,Forbs/Herbs
prickly-ash,Zanthoxylum americanum P. Mill.,3,Hardwood Trees
Japanese zelkova,Zelkova serrata (Thunb.) Makino,13,Hardwood Trees
dwarf eelgrass,Zostera japonica Asch. & Graebn.,18,Forbs/Herbs
Syrian beancaper,Zygophyllum fabago L.,45,Shrub or Subshrub
